ProjectUUID,PersonUUID,Role
55453a09-dd3c-4254-b50c-1d6e0d281dff,d30b96a8-4f1e-44fa-9bf5-0209bedf0268,Principal Investigator
8097c0e5-c30a-430a-9106-e48815dc802e,dbf46bed-0956-47c4-95e9-d850c6f897d5,Co-Investigator
8097c0e5-c30a-430a-9106-e48815dc802e,55750491-d4d3-47d4-a473-7a2252edb685,Co-Investigator
820953a2-9085-49f5-84eb-2b7b90f26f74,0ee7ba1e-3108-4db3-a908-97977980d032,Co-Investigator
820953a2-9085-49f5-84eb-2b7b90f26f74,b2b68ce2-6257-45bf-ab48-dc17d05c885e,Co-Investigator
820953a2-9085-49f5-84eb-2b7b90f26f74,8627449e-0403-47b5-bb0c-6ae099fd94e2,Co-Investigator
def5ee8f-0260-44af-b3ae-e02e5aec1605,10003d22-a201-4b64-88e3-b423bc76fcc2,Co-Investigator
627db78d-dc0c-4fa3-879d-b5b4aef2867f,d30b96a8-4f1e-44fa-9bf5-0209bedf0268,Principal Investigator
a5cd3c3c-d1ff-4fe6-b08e-263d51de6813,37d49222-56d7-4c65-8d52-3638544511cf,Principal Investigator
51ac42a5-e884-400e-92a7-6f200f189499,d30b96a8-4f1e-44fa-9bf5-0209bedf0268,Co-Investigator
51ac42a5-e884-400e-92a7-6f200f189499,b752c464-c7fb-4a52-a0c3-3b2d3db5d62f,Co-Investigator
eca259ab-ea40-4758-bbb5-6533b2c39916,f6921641-1f0a-4e24-a3a9-546e3927ab72,Co-Investigator
8dc6ea1f-9006-408b-9e5c-77126c827bc3,0cc78e11-da3d-4687-a49a-76a2ba39c292,Co-Investigator
c27aeaee-ce0c-41cd-887b-627225b6b0b6,d30b96a8-4f1e-44fa-9bf5-0209bedf0268,Principal Investigator
22225314-e30a-47e7-b5c5-3e9e1ecdc8d3,5ad9c220-e37f-443a-8a31-fc4abf365db5,Principal Investigator
fb5462ca-cc1b-4534-b83a-fea1c580873d,d55dab65-fffe-4da4-a383-cfcf5ee3a8cd,Principal Investigator
a3eec805-3c21-4472-83b3-dfde1ec5a377,1313519f-2074-41d6-8b79-589648e37211,Principal Investigator
48d847bc-226c-4bf5-9da5-1597d52fe4e0,d30b96a8-4f1e-44fa-9bf5-0209bedf0268,Principal Investigator
ee36c318-11de-4301-8b75-6d6ebe121e01,9027b41a-4159-4db7-9ddd-8fc8f41f1fb3,Principal Investigator
ed6bd979-6a16-4c9b-ba0c-f22b3ec3c37b,0ee7ba1e-3108-4db3-a908-97977980d032,Principal Investigator
35af1726-589d-4cd1-bbea-3fa051ef76ce,1313519f-2074-41d6-8b79-589648e37211,Principal Investigator
35af1726-589d-4cd1-bbea-3fa051ef76ce,d55dab65-fffe-4da4-a383-cfcf5ee3a8cd,Co-Investigator
85a633e3-4ceb-452b-9870-52e2f69289d5,d30b96a8-4f1e-44fa-9bf5-0209bedf0268,Principal Investigator
85a633e3-4ceb-452b-9870-52e2f69289d5,9027b41a-4159-4db7-9ddd-8fc8f41f1fb3,Co-Investigator
52636f43-4fb0-43ed-8c56-b644ddd62be9,2b8ff3a4-e9b0-403d-8bd8-1bf26121c234,Co-Investigator
52636f43-4fb0-43ed-8c56-b644ddd62be9,f2136570-f73c-446f-9fb0-6d9e461e2124,Co-Investigator
eac60df9-3b9b-4910-9700-2d23d577e728,a39b94ff-e1b6-4b96-8404-486167a9123d,Co-Investigator
eac60df9-3b9b-4910-9700-2d23d577e728,37d49222-56d7-4c65-8d52-3638544511cf,Principal Investigator
058ab940-9a91-4e18-a472-0f25ed203769,10003d22-a201-4b64-88e3-b423bc76fcc2,Co-Investigator
13537467-eee8-4756-af4a-0c04d42666fb,4d7fda5a-3cf4-4d39-9daf-1ae192b0e0e7,Principal Investigator
ca858287-aec2-476c-b096-b8c18e3e7196,ea6d10cf-6bb5-4414-8966-f1ed2591f794,Principal Investigator
1b24e063-c479-47e0-a8c1-47c039848a85,ea6d10cf-6bb5-4414-8966-f1ed2591f794,Principal Investigator
1b24e063-c479-47e0-a8c1-47c039848a85,a788557f-cc3f-41f7-8004-5d1bf002e0c9,Co-Investigator
9bf034c6-728d-4527-89dc-c8ba689c0cee,4d7fda5a-3cf4-4d39-9daf-1ae192b0e0e7,Principal Investigator
19e3b064-21f8-47c1-8b9d-f531323964d4,a39b94ff-e1b6-4b96-8404-486167a9123d,Principal Investigator
19e3b064-21f8-47c1-8b9d-f531323964d4,cfa94f02-ca6c-47ed-b962-64f5f61e50d2,Co-Investigator
d45740c6-4ec2-4792-9c02-18663999b0b6,b752c464-c7fb-4a52-a0c3-3b2d3db5d62f,Principal Investigator
a2a761b8-5d11-443d-91a7-c1fcce59bbbf,2efbc294-1ce4-4148-a403-93fe6450d879,Co-Investigator
1360e564-b050-41ec-b091-f87c6fdfa3ce,5ad9c220-e37f-443a-8a31-fc4abf365db5,Principal Investigator
dc13ab93-8585-4c80-99ee-2daa95ba51eb,f2136570-f73c-446f-9fb0-6d9e461e2124,Principal Investigator
baaacdcd-40b8-4d34-9f9f-a885bcd6ebb0,a39b94ff-e1b6-4b96-8404-486167a9123d,Principal Investigator
88d25392-3fb5-45c6-bfa9-377d573df7bf,b752c464-c7fb-4a52-a0c3-3b2d3db5d62f,Principal Investigator
3e165725-56f9-4ad8-b2de-0d98d6dc25e8,74a08deb-18e1-48d0-a86e-ed6675da92ab,Co-Investigator
a69e8631-d120-4068-91d3-7e3fead61864,1052b289-f510-4c5a-9662-2db48c12ebc2,Principal Investigator
20e31a7d-3ebe-4f01-8190-cf57832c1279,d30b96a8-4f1e-44fa-9bf5-0209bedf0268,Co-Investigator
fd108cbf-5e63-45e4-9757-af95ea6540a1,1052b289-f510-4c5a-9662-2db48c12ebc2,Principal Investigator
4a5fe21c-a2d9-426a-bdb0-524a2754e75d,5f52759c-418a-41b7-bbdb-050492677284,Co-Investigator
4a5fe21c-a2d9-426a-bdb0-524a2754e75d,e6f70fb0-caf1-4736-b583-b0777bc1390f,Co-Investigator
b10dc8f6-0aec-47e7-91a2-60d11b9deadf,b2b68ce2-6257-45bf-ab48-dc17d05c885e,Principal Investigator
b10dc8f6-0aec-47e7-91a2-60d11b9deadf,0ee7ba1e-3108-4db3-a908-97977980d032,Co-Investigator
136f261a-f853-4d6e-9abe-ad52ce52fd79,1052b289-f510-4c5a-9662-2db48c12ebc2,Principal Investigator
a075adc0-abb3-430c-8035-95fc7a8b8250,37d49222-56d7-4c65-8d52-3638544511cf,Principal Investigator
a075adc0-abb3-430c-8035-95fc7a8b8250,3b99f4b4-0782-4c43-8bb3-263f498133a3,Co-Investigator
a075adc0-abb3-430c-8035-95fc7a8b8250,88507577-fe21-433b-8253-c6115383730b,Co-Investigator
78e0e2e2-82fd-412e-b4ff-aa7f46dca3d4,689427b5-8d2a-44f3-b291-6db6ba598305,Principal Investigator
78e0e2e2-82fd-412e-b4ff-aa7f46dca3d4,80784458-06f6-4eff-b0c8-df982ffa9835,Co-Investigator
190c1b56-5561-4a2a-88e1-d4aab076ddff,1e0534b4-fe3e-4c5e-ad6d-5f1c7df6a14e,Co-Investigator
190c1b56-5561-4a2a-88e1-d4aab076ddff,f6921641-1f0a-4e24-a3a9-546e3927ab72,Co-Investigator
6ef75dd3-ea0c-4db9-af19-bdd91397d783,d30b96a8-4f1e-44fa-9bf5-0209bedf0268,Principal Investigator
8296a97c-b8a8-497a-b23e-6d60f337d391,4d7fda5a-3cf4-4d39-9daf-1ae192b0e0e7,Principal Investigator
610fe295-e17f-415b-b874-267047f0d4ca,2a9c0934-98ca-4101-b829-b88d77f6487e,Principal Investigator
610fe295-e17f-415b-b874-267047f0d4ca,7dd48cfe-3069-4563-bef4-ef661c18387a,Co-Investigator
610fe295-e17f-415b-b874-267047f0d4ca,f06ed23d-b6d0-4af9-bb74-ecbcd6ca0c47,Co-Investigator
cda0274e-252f-4c43-acb3-04504dbb74b4,1052b289-f510-4c5a-9662-2db48c12ebc2,Principal Investigator
07548a95-a062-420a-9a8c-0073892e3826,1313519f-2074-41d6-8b79-589648e37211,Principal Investigator
07548a95-a062-420a-9a8c-0073892e3826,5c50bbc9-ed3d-417f-ba4d-e484eaf536b3,Co-Investigator
a2f4b3e2-31c0-4a77-a4cc-05980e763c2d,f2136570-f73c-446f-9fb0-6d9e461e2124,Principal Investigator
6a47283a-c073-4d31-be9b-92c1d3b59e6f,2a9c0934-98ca-4101-b829-b88d77f6487e,Principal Investigator
6a47283a-c073-4d31-be9b-92c1d3b59e6f,8785f18a-1bf3-4c63-8d8b-d3e5d516ca40,Co-Investigator
6a47283a-c073-4d31-be9b-92c1d3b59e6f,a420ffb3-2ca6-4925-a25f-baaa5228fc15,Principal Investigator
45e498cd-e0ff-4f9d-81be-de8c646469ef,b752c464-c7fb-4a52-a0c3-3b2d3db5d62f,Principal Investigator
45e498cd-e0ff-4f9d-81be-de8c646469ef,10e4fc8e-556f-4104-b744-409caedc2276,Co-Investigator
10bcb6a5-6e2f-441b-9180-65cce065a126,f06ed23d-b6d0-4af9-bb74-ecbcd6ca0c47,Co-Investigator
42b30a10-30b5-4a6f-ba07-de3564094906,1052b289-f510-4c5a-9662-2db48c12ebc2,Principal Investigator
e41b44cc-46ce-4de8-962f-abad41d761d3,d30b96a8-4f1e-44fa-9bf5-0209bedf0268,Principal Investigator
e41b44cc-46ce-4de8-962f-abad41d761d3,ea6d10cf-6bb5-4414-8966-f1ed2591f794,Co-Investigator
afff83df-27b7-4e93-86a3-38574ae3b9c4,4d7fda5a-3cf4-4d39-9daf-1ae192b0e0e7,Principal Investigator
afff83df-27b7-4e93-86a3-38574ae3b9c4,37d49222-56d7-4c65-8d52-3638544511cf,Principal Investigator
cf05e3ab-dd1b-4b2e-8649-490e0824d02e,a01fb25e-ca57-4ab4-b781-7303196f16ce,Principal Investigator
cf05e3ab-dd1b-4b2e-8649-490e0824d02e,37d49222-56d7-4c65-8d52-3638544511cf,Principal Investigator
34b17ab6-61ea-4bfd-b2a7-5bef2b26a858,5ad9c220-e37f-443a-8a31-fc4abf365db5,Principal Investigator
f14d5eba-b806-451e-abc2-73ad6e7f0496,d37cba38-dff2-4c27-a515-226cfadfd849,Principal Investigator
0e18ed4e-6696-4060-b108-3f00b8431b89,10003d22-a201-4b64-88e3-b423bc76fcc2,Principal Investigator
0e18ed4e-6696-4060-b108-3f00b8431b89,5e271e6a-7a91-47bd-9f12-3b73f4e0d7ac,Co-Investigator
2f5e8d53-a5c4-41a9-95b3-8478cb7376ea,10003d22-a201-4b64-88e3-b423bc76fcc2,Principal Investigator
4cac7654-2655-4c1b-b201-1ef33d01b353,a39b94ff-e1b6-4b96-8404-486167a9123d,Principal Investigator
4cac7654-2655-4c1b-b201-1ef33d01b353,47a94200-3abe-4354-b5e3-c8ef6f1ba1f2,Co-Investigator
4cac7654-2655-4c1b-b201-1ef33d01b353,f2136570-f73c-446f-9fb0-6d9e461e2124,Co-Investigator
860bf1d7-99d6-4a74-87e2-7f1b7ef053b5,e0edf6ca-5a14-41d8-81cc-77fd67f03ee5,Principal Investigator
860bf1d7-99d6-4a74-87e2-7f1b7ef053b5,ea6d10cf-6bb5-4414-8966-f1ed2591f794,Principal Investigator
54d5aeb6-716e-46dd-b34a-cb8057be82a4,1052b289-f510-4c5a-9662-2db48c12ebc2,Co-Investigator
54d5aeb6-716e-46dd-b34a-cb8057be82a4,92f6c3f3-0ad2-40fc-b278-69170f87567d,Principal Investigator
33b3fc7e-5aad-48c0-877c-ada1be556f22,472021c7-73cc-44ba-a4ef-70cd2bed8601,Co-Investigator
33b3fc7e-5aad-48c0-877c-ada1be556f22,7e6e312c-7d1b-4d6a-ac22-385bab06ee41,Co-Investigator
33b3fc7e-5aad-48c0-877c-ada1be556f22,a0e31b8c-3d9c-4b68-834d-d4c06914b69f,Co-Investigator
33b3fc7e-5aad-48c0-877c-ada1be556f22,53c45a58-4c3c-424c-80a2-c39e733fd7c3,Co-Investigator
33b3fc7e-5aad-48c0-877c-ada1be556f22,3f05e4ce-6433-4c5a-b72c-aa89422cf431,Co-Investigator
33b3fc7e-5aad-48c0-877c-ada1be556f22,5f52759c-418a-41b7-bbdb-050492677284,Co-Investigator
33b3fc7e-5aad-48c0-877c-ada1be556f22,ef9b447a-d6c4-4250-a506-093730db84d6,Co-Investigator
17e1e227-7f62-424a-abd5-4d6b119572fc,a420ffb3-2ca6-4925-a25f-baaa5228fc15,Co-Investigator
4693ba77-d11e-4f95-9493-84f516080715,4d7fda5a-3cf4-4d39-9daf-1ae192b0e0e7,Principal Investigator
c006a8cf-ebb2-4bd4-94ae-01b5ea5f2ee2,d55dab65-fffe-4da4-a383-cfcf5ee3a8cd,Principal Investigator
c006a8cf-ebb2-4bd4-94ae-01b5ea5f2ee2,e9d14210-bc71-4824-b7cf-fd1448d022ab,Co-Investigator
c006a8cf-ebb2-4bd4-94ae-01b5ea5f2ee2,10e4fc8e-556f-4104-b744-409caedc2276,Co-Investigator
c006a8cf-ebb2-4bd4-94ae-01b5ea5f2ee2,f11b0cc1-ad9f-4b12-b805-65b70e5bcd65,Co-Investigator
c006a8cf-ebb2-4bd4-94ae-01b5ea5f2ee2,1b45e3f5-b8cd-4c0d-a444-2901304f76ee,Co-Investigator
c006a8cf-ebb2-4bd4-94ae-01b5ea5f2ee2,5041f387-908f-4845-9f79-3a6dbd527f4b,Co-Investigator
c006a8cf-ebb2-4bd4-94ae-01b5ea5f2ee2,2efbc294-1ce4-4148-a403-93fe6450d879,Co-Investigator
c006a8cf-ebb2-4bd4-94ae-01b5ea5f2ee2,6ec63914-1f4e-4708-8830-1b054c2ee03a,Co-Investigator
c006a8cf-ebb2-4bd4-94ae-01b5ea5f2ee2,6c543b1d-8137-489d-b444-d17921fc9de9,Co-Investigator
de42ab38-51c3-4753-b13a-098710026e30,d30b96a8-4f1e-44fa-9bf5-0209bedf0268,Principal Investigator
516eb84c-8047-484a-8d11-dcb7976fc2bf,f2136570-f73c-446f-9fb0-6d9e461e2124,Principal Investigator
f38668d7-1ed2-4dbf-b41a-0583a99f52a5,54728da8-274d-40e6-b119-23318d995721,Co-Investigator
f38668d7-1ed2-4dbf-b41a-0583a99f52a5,1052b289-f510-4c5a-9662-2db48c12ebc2,Co-Investigator
46950efa-4ab3-4646-9458-a5a6c128d967,37d49222-56d7-4c65-8d52-3638544511cf,Principal Investigator
46950efa-4ab3-4646-9458-a5a6c128d967,0ee7ba1e-3108-4db3-a908-97977980d032,Co-Investigator
46950efa-4ab3-4646-9458-a5a6c128d967,f2136570-f73c-446f-9fb0-6d9e461e2124,Co-Investigator
46950efa-4ab3-4646-9458-a5a6c128d967,d3b41838-e2bf-4735-b1cd-03f60b49c7e5,Co-Investigator
4dfe41c8-311e-4715-b629-c0a0edbb46de,1052b289-f510-4c5a-9662-2db48c12ebc2,Principal Investigator
5dfefa18-89b7-41ca-b016-05f24da59579,54728da8-274d-40e6-b119-23318d995721,Principal Investigator
5dfefa18-89b7-41ca-b016-05f24da59579,92f6c3f3-0ad2-40fc-b278-69170f87567d,Co-Investigator
5dfefa18-89b7-41ca-b016-05f24da59579,70f3c85a-9cd2-40b4-bed9-5e2a75609421,Co-Investigator
249c41f8-3d16-4033-bfc1-695487446106,0ee7ba1e-3108-4db3-a908-97977980d032,Principal Investigator
249c41f8-3d16-4033-bfc1-695487446106,f2136570-f73c-446f-9fb0-6d9e461e2124,Co-Investigator
249c41f8-3d16-4033-bfc1-695487446106,d30b96a8-4f1e-44fa-9bf5-0209bedf0268,Co-Investigator
25d54da9-ee43-47f4-8224-7a06547a3ee6,1052b289-f510-4c5a-9662-2db48c12ebc2,Principal Investigator
16e7a68a-1a39-4e97-82bd-cdad60df959b,c27ebbb6-7aae-41d4-b6fe-eb4a09024eca,Co-Investigator
16e7a68a-1a39-4e97-82bd-cdad60df959b,42147e05-f94c-471d-a889-c57a01e4bdd0,Co-Investigator
16e7a68a-1a39-4e97-82bd-cdad60df959b,80784458-06f6-4eff-b0c8-df982ffa9835,Co-Investigator
16e7a68a-1a39-4e97-82bd-cdad60df959b,42147e05-f94c-471d-a889-c57a01e4bdd0,Co-Investigator
16e7a68a-1a39-4e97-82bd-cdad60df959b,c27ebbb6-7aae-41d4-b6fe-eb4a09024eca,Co-Investigator
44d7b341-2fb8-462f-aeea-8dc7f9b1cb93,22ec9269-2fff-4dbf-a9c7-5037559a15ee,Principal Investigator
44d7b341-2fb8-462f-aeea-8dc7f9b1cb93,689427b5-8d2a-44f3-b291-6db6ba598305,Co-Investigator
44d7b341-2fb8-462f-aeea-8dc7f9b1cb93,ddcdfda8-c5ea-4e67-b0ea-21ba86966197,Co-Investigator
97a65822-fad8-4fac-8d3d-ac14aad42b2c,0ee7ba1e-3108-4db3-a908-97977980d032,Principal Investigator
a34eefb4-dc7c-45b0-a60a-369c9f8c4fbc,0ee7ba1e-3108-4db3-a908-97977980d032,Principal Investigator
4aee6ebc-1ae0-48c0-a84f-1580e8d7760b,1e0534b4-fe3e-4c5e-ad6d-5f1c7df6a14e,Co-Investigator
44cc67b4-adc8-483b-b3f4-8ddf906d78c4,2fa5dc89-7d78-45d0-96c7-e8f39b78dd3e,Principal Investigator
ef0ae6c0-62d2-4fe9-9cf2-81354c4569c7,4d7fda5a-3cf4-4d39-9daf-1ae192b0e0e7,Principal Investigator
90ea8ed3-a495-4998-b22b-0dc362de76f7,f2136570-f73c-446f-9fb0-6d9e461e2124,Principal Investigator
90ea8ed3-a495-4998-b22b-0dc362de76f7,1e0534b4-fe3e-4c5e-ad6d-5f1c7df6a14e,Co-Investigator
47ecae24-c424-4de9-9a67-c937eb1fa065,1b45e3f5-b8cd-4c0d-a444-2901304f76ee,Co-Investigator
47ecae24-c424-4de9-9a67-c937eb1fa065,f11b0cc1-ad9f-4b12-b805-65b70e5bcd65,Co-Investigator
9497b076-f227-4260-9243-fe1191cc3b5e,74a08deb-18e1-48d0-a86e-ed6675da92ab,Principal Investigator
9327801a-eaef-45a8-9591-f619b036564c,10e4fc8e-556f-4104-b744-409caedc2276,Principal Investigator
88d75831-25f7-4350-844d-9205d4c998d5,f11b0cc1-ad9f-4b12-b805-65b70e5bcd65,Principal Investigator
9bdf9b3d-9ce4-4454-a5d3-0b1d3e3bd631,1052b289-f510-4c5a-9662-2db48c12ebc2,Principal Investigator
d9ae1f9c-c9ff-4c8f-a3c3-5b8c05b9b6d8,9027b41a-4159-4db7-9ddd-8fc8f41f1fb3,Principal Investigator
d9ae1f9c-c9ff-4c8f-a3c3-5b8c05b9b6d8,1313519f-2074-41d6-8b79-589648e37211,Co-Investigator
d9ae1f9c-c9ff-4c8f-a3c3-5b8c05b9b6d8,9cf737ee-bd9a-4f7e-b865-b6ff6ed01fde,Co-Investigator
87b9d762-9ea2-4c1d-a75f-33ab63f0dfc2,37d49222-56d7-4c65-8d52-3638544511cf,Principal Investigator
87b9d762-9ea2-4c1d-a75f-33ab63f0dfc2,789b6eac-8500-4bf3-bd31-bc9db5e771fa,Principal Investigator
52b61d82-61c5-4c33-814d-17dffa0e6da7,1e0534b4-fe3e-4c5e-ad6d-5f1c7df6a14e,Principal Investigator
f9613974-23dd-4af9-b328-b9472531403e,d30b96a8-4f1e-44fa-9bf5-0209bedf0268,Principal Investigator
f9613974-23dd-4af9-b328-b9472531403e,d3b41838-e2bf-4735-b1cd-03f60b49c7e5,Co-Investigator
f9613974-23dd-4af9-b328-b9472531403e,92f6c3f3-0ad2-40fc-b278-69170f87567d,Co-Investigator
f9613974-23dd-4af9-b328-b9472531403e,e9d14210-bc71-4824-b7cf-fd1448d022ab,Co-Investigator
3f0c297c-cb5f-4a2c-9277-5ecc115fcd18,2fa5dc89-7d78-45d0-96c7-e8f39b78dd3e,Principal Investigator
02612818-86cd-4c8c-8cd3-3c5aa52f1cbb,37d49222-56d7-4c65-8d52-3638544511cf,Principal Investigator
fd1bc026-6e92-4652-bb7e-7f9f8c47b4c7,d30b96a8-4f1e-44fa-9bf5-0209bedf0268,Principal Investigator
fd1bc026-6e92-4652-bb7e-7f9f8c47b4c7,d3b41838-e2bf-4735-b1cd-03f60b49c7e5,Co-Investigator
fd1bc026-6e92-4652-bb7e-7f9f8c47b4c7,0ee7ba1e-3108-4db3-a908-97977980d032,Co-Investigator
3fdee8d2-5455-4d30-87d7-3e036f3484c3,a4c1604d-b01f-46ef-baf3-74d2a8046d6b,Co-Investigator
3fdee8d2-5455-4d30-87d7-3e036f3484c3,f6921641-1f0a-4e24-a3a9-546e3927ab72,Co-Investigator
3fdee8d2-5455-4d30-87d7-3e036f3484c3,1e0534b4-fe3e-4c5e-ad6d-5f1c7df6a14e,Principal Investigator
d6357409-b52f-4d20-99d4-4a607a325c0a,1052b289-f510-4c5a-9662-2db48c12ebc2,Co-Investigator
e9497ea8-5e79-42ab-9c89-36b254fa121d,d3b41838-e2bf-4735-b1cd-03f60b49c7e5,Principal Investigator
bf53f45b-8894-4643-aa71-9d356a657584,1e0534b4-fe3e-4c5e-ad6d-5f1c7df6a14e,Principal Investigator
bc25c1fb-6f03-44c3-9f92-5cd7e68c76b0,443362d7-b255-460d-a559-0fa80a8d9fbc,Principal Investigator
bc25c1fb-6f03-44c3-9f92-5cd7e68c76b0,1b45e3f5-b8cd-4c0d-a444-2901304f76ee,Co-Investigator
bc25c1fb-6f03-44c3-9f92-5cd7e68c76b0,20ad2ae0-df32-484d-84ed-f65810600cfa,Co-Investigator
c73fb74d-2225-44a2-aba1-d1d40064f50e,1052b289-f510-4c5a-9662-2db48c12ebc2,Principal Investigator
a28175d7-f410-4592-b1ab-4435b67d289b,d30b96a8-4f1e-44fa-9bf5-0209bedf0268,Principal Investigator
a28175d7-f410-4592-b1ab-4435b67d289b,d3b41838-e2bf-4735-b1cd-03f60b49c7e5,Co-Investigator
922f45db-36f2-4c36-bbd9-35d6bdc83cae,80784458-06f6-4eff-b0c8-df982ffa9835,Co-Investigator
50b46853-136e-44e5-91c9-289569813347,d30b96a8-4f1e-44fa-9bf5-0209bedf0268,Principal Investigator
0c7a1bc5-ceb9-4812-b8bc-cec4bc2f19f8,22ec9269-2fff-4dbf-a9c7-5037559a15ee,Principal Investigator
b2007c46-b905-447f-9a57-e2699c43aa3c,a4c1604d-b01f-46ef-baf3-74d2a8046d6b,Principal Investigator
c7ff4234-d9d4-4a7d-92c0-23b4c971bfe9,a4c1604d-b01f-46ef-baf3-74d2a8046d6b,Co-Investigator
c7ff4234-d9d4-4a7d-92c0-23b4c971bfe9,1e0534b4-fe3e-4c5e-ad6d-5f1c7df6a14e,Co-Investigator
c7ff4234-d9d4-4a7d-92c0-23b4c971bfe9,f6921641-1f0a-4e24-a3a9-546e3927ab72,Co-Investigator
7bc8f483-88e2-43a9-b774-fd908e7b2fee,0ee7ba1e-3108-4db3-a908-97977980d032,Principal Investigator
6e76e8f9-3d76-46a0-9ca7-ad943a39e26e,a420ffb3-2ca6-4925-a25f-baaa5228fc15,Principal Investigator
1155118b-f91f-4fba-8ec2-328dc348ca54,3dac6e0e-2770-4c5e-b32a-d7750523516f,Principal Investigator
b0e79cb1-7d28-4efa-a4b5-9afb39ec7d33,a420ffb3-2ca6-4925-a25f-baaa5228fc15,Principal Investigator
b0e79cb1-7d28-4efa-a4b5-9afb39ec7d33,c596539b-3ceb-497c-9a43-e71d6b0f65a6,Co-Investigator
fb6c2b01-82c5-4b20-b6ef-94cd08477c3c,3dac6e0e-2770-4c5e-b32a-d7750523516f,Principal Investigator
f266da39-b6cd-4221-a419-c2c73ad16fa1,1052b289-f510-4c5a-9662-2db48c12ebc2,Principal Investigator
c5b5343d-48e1-49ea-a7b4-07bdfc23ca72,831421c0-027f-4a25-b795-ee2fce0c8d2a,Principal Investigator
f37a5ad9-0947-4b39-9bc4-c6fb89bead24,1052b289-f510-4c5a-9662-2db48c12ebc2,Principal Investigator
865b751d-b4ff-4938-b032-5d278a702de8,d37cba38-dff2-4c27-a515-226cfadfd849,Principal Investigator
01f3ad3a-5f8f-4306-965f-11f40e93481c,3dac6e0e-2770-4c5e-b32a-d7750523516f,Principal Investigator
6f7979df-0206-4ab9-904b-2a7cd6630cdb,a420ffb3-2ca6-4925-a25f-baaa5228fc15,Principal Investigator
4f4dc9dc-b06b-4d4d-8039-c54e18e7b997,2fa5dc89-7d78-45d0-96c7-e8f39b78dd3e,Principal Investigator
4f4dc9dc-b06b-4d4d-8039-c54e18e7b997,25a5a0d6-404b-419c-9502-b246525617a2,Co-Investigator
9a862524-98d2-4d6a-85bc-ce6612c9c718,2b8ff3a4-e9b0-403d-8bd8-1bf26121c234,Principal Investigator
389f89c7-3f1f-4f75-bac1-44c9e7703c42,bc7a60f7-45a0-401f-813f-6b4aa700c849,Principal Investigator
0fa9a31a-1db3-4a53-aabc-60e09ba950e8,cf5e1d64-5489-4534-ba34-8dba5fd354a6,Principal Investigator
89f14e97-e7b4-488c-a667-40d29d7efe26,8949ca8c-746d-4a53-b816-ec9ebf06764c,Principal Investigator
89f14e97-e7b4-488c-a667-40d29d7efe26,1052b289-f510-4c5a-9662-2db48c12ebc2,Principal Investigator
8bcd1359-3f40-4d7e-a3bc-fc05f427fac0,d37cba38-dff2-4c27-a515-226cfadfd849,Principal Investigator
8bcd1359-3f40-4d7e-a3bc-fc05f427fac0,7d7aa141-f716-4165-a057-f49e3f5d5b1e,Co-Investigator
feac0ff3-6475-4125-b2b9-98479b3cfc3a,879e7ac4-e64c-4c5f-9591-421e56cd0678,Principal Investigator
7591c28f-13f6-4c81-ac92-52ffabe3c960,37d49222-56d7-4c65-8d52-3638544511cf,Principal Investigator
7591c28f-13f6-4c81-ac92-52ffabe3c960,09ec1bda-4550-4a83-8480-fe742d77e882,Principal Investigator
98593908-ac5e-4dab-806b-d2910e712f7f,37d49222-56d7-4c65-8d52-3638544511cf,Principal Investigator
374a4482-efbf-4012-ac03-3f35f77be66e,37d49222-56d7-4c65-8d52-3638544511cf,Principal Investigator
413ee3d4-cb73-462c-9d0b-49eda39d9919,37d49222-56d7-4c65-8d52-3638544511cf,Principal Investigator
413ee3d4-cb73-462c-9d0b-49eda39d9919,a63425bf-3843-42e2-9039-582dddf58821,Principal Investigator
b0651758-d511-4677-8e44-c3df2ed4d22f,bdc2cd4a-df05-46ca-b027-b038039a58ec,Co-Investigator
a3865971-0fd4-4ea3-b2ba-199a34b27f69,37d49222-56d7-4c65-8d52-3638544511cf,Principal Investigator
a3865971-0fd4-4ea3-b2ba-199a34b27f69,09ec1bda-4550-4a83-8480-fe742d77e882,Principal Investigator
93a0403f-4eba-41c9-b336-0a58745dd919,22ec9269-2fff-4dbf-a9c7-5037559a15ee,Principal Investigator
61a964d6-a6c1-4364-a2b9-0c1504474ad6,605b59ab-91b4-4f8e-bb12-df68ce0491c5,Principal Investigator
61a964d6-a6c1-4364-a2b9-0c1504474ad6,f2136570-f73c-446f-9fb0-6d9e461e2124,Co-Investigator
61a964d6-a6c1-4364-a2b9-0c1504474ad6,0284519c-3320-48a2-8b0d-b4ae9351a403,Co-Investigator
9ad37013-9e66-4805-a8f4-0c98f7820ff8,472021c7-73cc-44ba-a4ef-70cd2bed8601,Principal Investigator
63337a07-1825-4c55-85e3-cf49cbacab88,5c50bbc9-ed3d-417f-ba4d-e484eaf536b3,Co-Investigator
e60e33c0-f4d1-4243-a02d-bacc40c257f8,64730011-f493-4dbb-abf6-b48924ddc794,Principal Investigator
e60e33c0-f4d1-4243-a02d-bacc40c257f8,1c4bfd79-4336-4b17-a672-9acb465f15c0,Co-Investigator
0d2deaff-cf2d-441f-95eb-9b13d6d3d0c5,4d7fda5a-3cf4-4d39-9daf-1ae192b0e0e7,Co-Investigator
0d2deaff-cf2d-441f-95eb-9b13d6d3d0c5,cf5e1d64-5489-4534-ba34-8dba5fd354a6,Co-Investigator
46b9b101-1336-414d-b1d8-995d9f2e7869,cf6cfa0b-e3ac-4164-8de2-b956d8e23825,Principal Investigator
46b9b101-1336-414d-b1d8-995d9f2e7869,cb1b6c5f-6206-4a35-b8aa-6a750f9c89a1,Co-Investigator
057f2fe2-c640-4acd-a518-a08ba773a1f0,661b700e-7c1d-4e6d-b90b-4dbbfaab2adf,Principal Investigator
057f2fe2-c640-4acd-a518-a08ba773a1f0,bc7a60f7-45a0-401f-813f-6b4aa700c849,Co-Investigator
65aa23cb-27b9-4f3c-9c27-3fc07d59edf0,0cc78e11-da3d-4687-a49a-76a2ba39c292,Principal Investigator
d16d3334-5a11-40bc-8432-6504812c53fa,1313519f-2074-41d6-8b79-589648e37211,Principal Investigator
c9aefc8b-9ef0-43ac-9c98-cffaa5182819,3f05e4ce-6433-4c5a-b72c-aa89422cf431,Co-Investigator
9aadc91b-d99a-402c-8c3c-dd2ac88f938f,4398dfd4-2627-4dbb-9ef1-de133b87f57f,Principal Investigator
9aadc91b-d99a-402c-8c3c-dd2ac88f938f,5ad9c220-e37f-443a-8a31-fc4abf365db5,Co-Investigator
54be9d4e-0d3a-4b8a-b908-4989018a10e5,b614ac6f-eefa-44a3-8b9a-092b88d86d37,Principal Investigator
54be9d4e-0d3a-4b8a-b908-4989018a10e5,f240d002-893f-45bd-b9ad-6a6ddc015e40,Principal Investigator
9a7a0308-9c35-463c-9d04-cd3f31ae718e,472021c7-73cc-44ba-a4ef-70cd2bed8601,Principal Investigator
9a7a0308-9c35-463c-9d04-cd3f31ae718e,3f05e4ce-6433-4c5a-b72c-aa89422cf431,Co-Investigator
9a7a0308-9c35-463c-9d04-cd3f31ae718e,7e6e312c-7d1b-4d6a-ac22-385bab06ee41,Co-Investigator
9a7a0308-9c35-463c-9d04-cd3f31ae718e,a0e31b8c-3d9c-4b68-834d-d4c06914b69f,Co-Investigator
9a7a0308-9c35-463c-9d04-cd3f31ae718e,309a5219-ed28-4827-bf5f-9ddee6ae66a2,Co-Investigator
a791bd61-293d-4ebe-9d23-03a2e51ac31e,90b501a9-4d44-460b-b193-4d7d524bb21b,Principal Investigator
a791bd61-293d-4ebe-9d23-03a2e51ac31e,bf75a5d2-ae40-48c8-9f44-0f3de5f93bd9,Collaborator
701a299d-cdcb-46b9-95c2-b8e57bf927c4,418f030f-2b26-4c74-a77b-c0c87d13f56d,Principal Investigator
701a299d-cdcb-46b9-95c2-b8e57bf927c4,be459204-f0ed-46cf-a79b-66031919e944,Collaborator
9f485f10-7bd6-485b-a9f2-967689449145,63342b24-28ec-40c5-a7d9-ec49867dc75d,Principal Investigator
9f485f10-7bd6-485b-a9f2-967689449145,71115e9d-836f-409e-8c75-27d2de3e9caa,Co-Investigator
9f485f10-7bd6-485b-a9f2-967689449145,42c316a3-1a31-469b-b436-635edc389e02,Collaborator
b6ca6347-45a3-4d1d-85ef-4d8a04292324,9027b41a-4159-4db7-9ddd-8fc8f41f1fb3,Principal Investigator
b6ca6347-45a3-4d1d-85ef-4d8a04292324,5c50bbc9-ed3d-417f-ba4d-e484eaf536b3,Co-Investigator
e68f7013-bd81-41e1-a8dd-ad044ddf597a,689427b5-8d2a-44f3-b291-6db6ba598305,Principal Investigator
76f53d5f-ede1-4cff-9247-d7f635bd113b,879e7ac4-e64c-4c5f-9591-421e56cd0678,Principal Investigator
76f53d5f-ede1-4cff-9247-d7f635bd113b,785a7089-e58e-4aaa-986d-ae0e615ba508,Co-Investigator
4bb672ed-bd49-4087-9326-eaa97f21976d,ceef6d97-26fe-4163-9538-6685e98bce2e,Principal Investigator
4bb672ed-bd49-4087-9326-eaa97f21976d,fc4a63b2-8edf-4d1c-94a4-2cbfe61adf48,Co-Investigator
a507601c-13b2-43e4-9c7f-177b3dd104f0,3f05e4ce-6433-4c5a-b72c-aa89422cf431,Principal Investigator
a507601c-13b2-43e4-9c7f-177b3dd104f0,9034a399-92b2-4ad0-bdfe-d65c494dea58,Co-Investigator
a507601c-13b2-43e4-9c7f-177b3dd104f0,4d425855-1065-40b5-9b65-e04126df5838,Collaborator
8146f4ce-2057-47de-80a7-f7707e6506e0,37d49222-56d7-4c65-8d52-3638544511cf,Principal Investigator
8146f4ce-2057-47de-80a7-f7707e6506e0,831421c0-027f-4a25-b795-ee2fce0c8d2a,Principal Investigator
8146f4ce-2057-47de-80a7-f7707e6506e0,47a94200-3abe-4354-b5e3-c8ef6f1ba1f2,Principal Investigator
8146f4ce-2057-47de-80a7-f7707e6506e0,1313519f-2074-41d6-8b79-589648e37211,Principal Investigator
8146f4ce-2057-47de-80a7-f7707e6506e0,db64c222-0674-4eab-9f09-7f9ea1c483e3,Principal Investigator
8146f4ce-2057-47de-80a7-f7707e6506e0,bdc2cd4a-df05-46ca-b027-b038039a58ec,Principal Investigator
8146f4ce-2057-47de-80a7-f7707e6506e0,472021c7-73cc-44ba-a4ef-70cd2bed8601,Principal Investigator
8146f4ce-2057-47de-80a7-f7707e6506e0,53c45a58-4c3c-424c-80a2-c39e733fd7c3,Principal Investigator
8146f4ce-2057-47de-80a7-f7707e6506e0,3f05e4ce-6433-4c5a-b72c-aa89422cf431,Principal Investigator
8146f4ce-2057-47de-80a7-f7707e6506e0,5f52759c-418a-41b7-bbdb-050492677284,Principal Investigator
8146f4ce-2057-47de-80a7-f7707e6506e0,e6f70fb0-caf1-4736-b583-b0777bc1390f,Principal Investigator
8146f4ce-2057-47de-80a7-f7707e6506e0,a420ffb3-2ca6-4925-a25f-baaa5228fc15,Principal Investigator
8146f4ce-2057-47de-80a7-f7707e6506e0,a39b94ff-e1b6-4b96-8404-486167a9123d,Principal Investigator
8146f4ce-2057-47de-80a7-f7707e6506e0,38e643e8-bd72-40e3-ba25-b031e957b7fb,Co-Investigator
8146f4ce-2057-47de-80a7-f7707e6506e0,2b7ea821-fddb-4b66-8cb4-15dc343549c9,Co-Investigator
8146f4ce-2057-47de-80a7-f7707e6506e0,17b18c69-c9d0-456a-affa-5396d0a0d09e,Co-Investigator
8146f4ce-2057-47de-80a7-f7707e6506e0,a0f5a47c-1073-4c01-b62d-51b767f01d69,Co-Investigator
8146f4ce-2057-47de-80a7-f7707e6506e0,c12518ce-b3ab-469c-81fb-e2178e6b87e3,Co-Investigator
5237bf48-25e5-4a73-81f1-0e374b70a423,c40e1e8a-50ee-4a7c-b7f0-2fc0fdd62adc,Principal Investigator
5237bf48-25e5-4a73-81f1-0e374b70a423,839b9aee-0580-49ac-90c5-8e9d98880d56,Collaborator
5237bf48-25e5-4a73-81f1-0e374b70a423,996a21e3-30b2-4b17-8031-85d66aa00ffa,Collaborator
6ac1ce36-677b-4986-90ef-05eb24746af1,e726f512-d3fd-4d89-962a-3aa9f532a52f,Principal Investigator
7a35b865-2730-45a6-8fdc-b508699fa03a,f2136570-f73c-446f-9fb0-6d9e461e2124,Principal Investigator
7a35b865-2730-45a6-8fdc-b508699fa03a,a39b94ff-e1b6-4b96-8404-486167a9123d,Co-Investigator
8ee266d1-6b87-44b9-bc4a-7a594ee2a69f,c6b67626-5ff8-4730-93a6-70ee08f6013e,Principal Investigator
d5da34ed-babb-463b-9c3d-f72e8e891b51,4d7fda5a-3cf4-4d39-9daf-1ae192b0e0e7,Principal Investigator
2c6b03f5-0bad-4430-becb-8d36b5fb4caa,a420ffb3-2ca6-4925-a25f-baaa5228fc15,Principal Investigator
2c6b03f5-0bad-4430-becb-8d36b5fb4caa,98a59a44-499e-4a6e-a8e8-24211f117b23,Collaborator
4bc1a5b1-e2c9-4c56-8f85-8e2e5474b0a4,f11b0cc1-ad9f-4b12-b805-65b70e5bcd65,Principal Investigator
4bc1a5b1-e2c9-4c56-8f85-8e2e5474b0a4,737f8d04-2c81-4e24-a77e-55ffea40c345,Collaborator
5e18225a-fb16-48e3-8372-7967aad1e215,410df04c-bc1d-4cd3-9726-c35469ddab8c,Principal Investigator
5e18225a-fb16-48e3-8372-7967aad1e215,1b45e3f5-b8cd-4c0d-a444-2901304f76ee,Co-Investigator
c52de284-a5d5-4e86-b024-ee1508c043e5,a420ffb3-2ca6-4925-a25f-baaa5228fc15,Principal Investigator
c52de284-a5d5-4e86-b024-ee1508c043e5,17164ef9-74ba-43ba-ba21-8cd57493f4cb,Co-Investigator
c52de284-a5d5-4e86-b024-ee1508c043e5,147a9f2c-2353-4ddf-a631-a86a369d8c12,Co-Investigator
c52de284-a5d5-4e86-b024-ee1508c043e5,ff6f398b-4bde-46da-a460-9815134b42eb,Co-Investigator
c52de284-a5d5-4e86-b024-ee1508c043e5,7714a7e2-c618-414c-b295-067c651b524b,Co-Investigator
c52de284-a5d5-4e86-b024-ee1508c043e5,12b9f158-5c84-4979-9c41-388ba3cf2c6e,Collaborator
bdde8479-094e-45e7-a41d-f6e88594dd4a,805cae2a-3462-4130-88de-cc7d94aec0a5,Principal Investigator
bdde8479-094e-45e7-a41d-f6e88594dd4a,25a5a0d6-404b-419c-9502-b246525617a2,Co-Investigator
bdde8479-094e-45e7-a41d-f6e88594dd4a,3ad26d6b-4619-4a9f-a1b6-8424aab1dd52,Co-Investigator
a99d5960-9803-4df2-aa16-981af4a8a414,5c50bbc9-ed3d-417f-ba4d-e484eaf536b3,Principal Investigator
a99d5960-9803-4df2-aa16-981af4a8a414,1dbd1112-eb47-4406-936c-6807e8845610,Principal Investigator
a99d5960-9803-4df2-aa16-981af4a8a414,9cf737ee-bd9a-4f7e-b865-b6ff6ed01fde,Principal Investigator
396e5fcc-e388-49a1-9f82-f625c28248b1,1dbd1112-eb47-4406-936c-6807e8845610,Principal Investigator
396e5fcc-e388-49a1-9f82-f625c28248b1,1313519f-2074-41d6-8b79-589648e37211,Co-Investigator
396e5fcc-e388-49a1-9f82-f625c28248b1,831421c0-027f-4a25-b795-ee2fce0c8d2a,Co-Investigator
396e5fcc-e388-49a1-9f82-f625c28248b1,a4d5d125-061e-4594-b4e4-1389a19ff99f,Co-Investigator
2451b04c-4ced-413d-a1e1-be4d639abfc4,5ad9c220-e37f-443a-8a31-fc4abf365db5,Principal Investigator
2451b04c-4ced-413d-a1e1-be4d639abfc4,2f6e4cae-9002-4aff-a562-526705e850af,Co-Investigator
5734b571-8aa7-42d7-9060-92a007e42fa6,1b45e3f5-b8cd-4c0d-a444-2901304f76ee,Principal Investigator
5734b571-8aa7-42d7-9060-92a007e42fa6,cfb0029a-04d0-4606-810f-bf6d6777171b,Co-Investigator
42c20f00-9bab-43b6-8234-0c6455d0c5cd,7016a7a0-c187-4a62-baef-0780150912d1,Principal Investigator
42c20f00-9bab-43b6-8234-0c6455d0c5cd,2a9c0934-98ca-4101-b829-b88d77f6487e,Co-Investigator
f28d26d8-45fd-46c7-aa96-a43db51fba90,a420ffb3-2ca6-4925-a25f-baaa5228fc15,Principal Investigator
ffff9275-aa77-4802-9790-17fad8db14b6,02960d47-7677-4b2c-99d4-490a31fd6885,Principal Investigator
2654b6d6-568c-45ce-a65c-8841b523517a,443362d7-b255-460d-a559-0fa80a8d9fbc,Principal Investigator
2654b6d6-568c-45ce-a65c-8841b523517a,3d49de50-0620-46fe-ae15-53b12dfb8649,Co-Investigator
3e7a5097-15b1-4f1e-b343-b06f74cc224b,10003d22-a201-4b64-88e3-b423bc76fcc2,Principal Investigator
3e7a5097-15b1-4f1e-b343-b06f74cc224b,4634ce05-3fcb-49ca-89c7-080955f450e8,Co-Investigator
3e7a5097-15b1-4f1e-b343-b06f74cc224b,d1f72ad7-d2ad-40cc-aeb1-b6f9b3d5779f,Collaborator
c9b94a62-c80c-48b9-99f5-263d0b7907d8,06d038a4-f659-4c53-8a6d-58e295ab603f,Principal Investigator
b8e7e99f-03aa-4db2-86bc-472ae6f42745,d37cba38-dff2-4c27-a515-226cfadfd849,Principal Investigator
b8e7e99f-03aa-4db2-86bc-472ae6f42745,f2b81a70-1d6c-42d1-a3b5-1d4338be4b8c,Co-Investigator
7ee17c5d-2d57-4179-b42a-6213d5278303,9ba013db-4c4d-41dd-be12-dbe188f67f29,Principal Investigator
7ee17c5d-2d57-4179-b42a-6213d5278303,42147e05-f94c-471d-a889-c57a01e4bdd0,Co-Investigator
1f37cc01-5816-4c09-bc9a-7c4a9718244c,42147e05-f94c-471d-a889-c57a01e4bdd0,Principal Investigator
1f37cc01-5816-4c09-bc9a-7c4a9718244c,9ba013db-4c4d-41dd-be12-dbe188f67f29,Co-Investigator
dec18386-7572-4600-aebd-ab3a3fa32b4f,9ba013db-4c4d-41dd-be12-dbe188f67f29,Principal Investigator
dec18386-7572-4600-aebd-ab3a3fa32b4f,42147e05-f94c-471d-a889-c57a01e4bdd0,Co-Investigator
7715d28a-f1b5-4a1b-b8b4-9de63c8005e1,410df04c-bc1d-4cd3-9726-c35469ddab8c,Principal Investigator
2f022072-863c-4cc7-a87f-331731632f7c,5ad9c220-e37f-443a-8a31-fc4abf365db5,Principal Investigator
2f022072-863c-4cc7-a87f-331731632f7c,2f6e4cae-9002-4aff-a562-526705e850af,Co-Investigator
d8b7c6ae-e4be-4631-8e5e-34d5dcaf620a,9027b41a-4159-4db7-9ddd-8fc8f41f1fb3,Principal Investigator
3f6a03a7-6217-4d70-9bf5-0c229cf768f3,d37cba38-dff2-4c27-a515-226cfadfd849,Principal Investigator
3f6a03a7-6217-4d70-9bf5-0c229cf768f3,0cc78e11-da3d-4687-a49a-76a2ba39c292,Co-Investigator
3f6a03a7-6217-4d70-9bf5-0c229cf768f3,1e0534b4-fe3e-4c5e-ad6d-5f1c7df6a14e,Co-Investigator
3f6a03a7-6217-4d70-9bf5-0c229cf768f3,f6921641-1f0a-4e24-a3a9-546e3927ab72,Co-Investigator
3f6a03a7-6217-4d70-9bf5-0c229cf768f3,2fa5dc89-7d78-45d0-96c7-e8f39b78dd3e,Co-Investigator
3f6a03a7-6217-4d70-9bf5-0c229cf768f3,c22491da-c338-47a0-ae95-5a51b85e576b,Co-Investigator
3f6a03a7-6217-4d70-9bf5-0c229cf768f3,20685b27-43b0-4170-bcf8-3cc28832d2e7,Co-Investigator
3f6a03a7-6217-4d70-9bf5-0c229cf768f3,7208d996-d004-402b-b6f9-36294ff67fcc,Co-Investigator
3f6a03a7-6217-4d70-9bf5-0c229cf768f3,c4e4fa45-a84f-4422-a4f5-7cc5706782a2,Co-Investigator
3f6a03a7-6217-4d70-9bf5-0c229cf768f3,d9376c00-8047-4c1b-b86a-e2f5e00018b3,Collaborator
f425df35-7a88-41a1-9d8d-ced2bd55e700,6ec63914-1f4e-4708-8830-1b054c2ee03a,Principal Investigator
f425df35-7a88-41a1-9d8d-ced2bd55e700,4ca57c3b-1d1f-4ecf-87b0-fe690510c887,Co-Investigator
f425df35-7a88-41a1-9d8d-ced2bd55e700,cac3823d-3dc6-4513-8448-be21a2d49344,Co-Investigator
f425df35-7a88-41a1-9d8d-ced2bd55e700,f14a5893-8cba-4ed5-b066-55c2ea626d24,Co-Investigator
9738405b-be37-404d-8f09-43865a211ec3,cf5e1d64-5489-4534-ba34-8dba5fd354a6,Principal Investigator
9738405b-be37-404d-8f09-43865a211ec3,06b69b03-fa50-410d-a8e5-fd3da1876353,Co-Investigator
0e937186-7936-4856-849b-95334a99a6af,a39b94ff-e1b6-4b96-8404-486167a9123d,Principal Investigator
0e937186-7936-4856-849b-95334a99a6af,fb4b9d17-f1ec-466b-b222-caba06823edc,Co-Investigator
22ea45b9-d963-4887-95d1-13cd2586ef3a,ad50bed7-77fd-4c7f-819c-54455506e3f0,Principal Investigator
8d741a26-ea5c-4c69-9dab-6341052e48e3,2ef641d0-bd79-425b-8b12-b58d74b993ae,Principal Investigator
8d741a26-ea5c-4c69-9dab-6341052e48e3,f72688e0-ad8f-4dc2-bb6b-c22fa14164c3,Co-Investigator
97a02d87-e5f3-4336-a161-ed76fd0342c4,785a7089-e58e-4aaa-986d-ae0e615ba508,Principal Investigator
97a02d87-e5f3-4336-a161-ed76fd0342c4,9504265d-0046-4e58-b529-256a656c012d,Co-Investigator
97a02d87-e5f3-4336-a161-ed76fd0342c4,1b45e3f5-b8cd-4c0d-a444-2901304f76ee,Co-Investigator
939931f6-183c-46e0-a8da-1464aa7bc66c,cf6cfa0b-e3ac-4164-8de2-b956d8e23825,Principal Investigator
939931f6-183c-46e0-a8da-1464aa7bc66c,ecc36d3e-77ac-4333-9918-2431807cd4e0,Co-Investigator
939931f6-183c-46e0-a8da-1464aa7bc66c,124de7ea-2c0b-435f-b2bd-3fd5869590e7,Co-Investigator
939931f6-183c-46e0-a8da-1464aa7bc66c,ca2a035e-64a1-4a75-9269-d6ee91496191,Co-Investigator
939931f6-183c-46e0-a8da-1464aa7bc66c,dac0e506-da5d-4ee6-8783-5abd2a2096f3,Co-Investigator
939931f6-183c-46e0-a8da-1464aa7bc66c,cb1b6c5f-6206-4a35-b8aa-6a750f9c89a1,Co-Investigator
939931f6-183c-46e0-a8da-1464aa7bc66c,85625f7d-709f-492e-b8af-06e6be54ff67,Collaborator
939931f6-183c-46e0-a8da-1464aa7bc66c,b49cff0e-6cf0-43ac-8e3e-65845cdfff93,Collaborator
db4436b5-631c-4a43-acd4-404a58e2866f,2a9c0934-98ca-4101-b829-b88d77f6487e,Principal Investigator
db4436b5-631c-4a43-acd4-404a58e2866f,8785f18a-1bf3-4c63-8d8b-d3e5d516ca40,Co-Investigator
db4436b5-631c-4a43-acd4-404a58e2866f,7dd48cfe-3069-4563-bef4-ef661c18387a,Co-Investigator
db4436b5-631c-4a43-acd4-404a58e2866f,5c54c44a-9eaa-4a97-a78a-e853dc73e9d9,Co-Investigator
db4436b5-631c-4a43-acd4-404a58e2866f,ae381d9e-1028-4309-b7a2-8cf83a65c0b8,Co-Investigator
db4436b5-631c-4a43-acd4-404a58e2866f,1780c8b5-860d-4c59-8d81-09438caf15cd,Co-Investigator
db4436b5-631c-4a43-acd4-404a58e2866f,8141993a-b522-4f30-8e3c-626566a037b4,Co-Investigator
7eaf2a59-b683-461c-92f0-1b09a68bf7bd,f11b0cc1-ad9f-4b12-b805-65b70e5bcd65,Principal Investigator
bf1ab9c0-12cb-402a-ac01-3179dddf2e61,1dbd1112-eb47-4406-936c-6807e8845610,Principal Investigator
bf1ab9c0-12cb-402a-ac01-3179dddf2e61,ce1a5350-f645-4a53-a745-fca8d4f1f030,Principal Investigator
bf1ab9c0-12cb-402a-ac01-3179dddf2e61,8ee88b26-8053-4761-8c8d-91a2941a9df9,Co-Investigator
4c2b07e4-55c6-44be-947a-9f764eeaf31e,f2136570-f73c-446f-9fb0-6d9e461e2124,Principal Investigator
4c2b07e4-55c6-44be-947a-9f764eeaf31e,9cf737ee-bd9a-4f7e-b865-b6ff6ed01fde,Co-Investigator
4c2b07e4-55c6-44be-947a-9f764eeaf31e,37d49222-56d7-4c65-8d52-3638544511cf,Co-Investigator
4c2b07e4-55c6-44be-947a-9f764eeaf31e,28ea45c1-7b56-4157-b0e4-ab92947065bc,Collaborator
6e3780d5-8dbd-4884-9222-02187fffbe81,39f7afe3-fd9c-4ac5-8ba1-fa2f2826ab8c,Principal Investigator
6e3780d5-8dbd-4884-9222-02187fffbe81,472021c7-73cc-44ba-a4ef-70cd2bed8601,Co-Investigator
6e3780d5-8dbd-4884-9222-02187fffbe81,d1be56b5-3ded-4aeb-9339-3af4d4c35035,Co-Investigator
db615d54-7abd-43ec-9e7d-a54cc816dd47,bdc2cd4a-df05-46ca-b027-b038039a58ec,Principal Investigator
3d294447-f189-4c6d-b97c-5bc708fcc648,785a7089-e58e-4aaa-986d-ae0e615ba508,Principal Investigator
0f68d1d2-3e84-4979-983c-70cab1341b9f,1e0534b4-fe3e-4c5e-ad6d-5f1c7df6a14e,Principal Investigator
32cd90e9-731c-457e-a7b8-25fd6760928b,9cf737ee-bd9a-4f7e-b865-b6ff6ed01fde,Principal Investigator
0ceff908-b0cc-4033-bc28-ea4afe61db99,bc7a60f7-45a0-401f-813f-6b4aa700c849,Principal Investigator
0ceff908-b0cc-4033-bc28-ea4afe61db99,605b59ab-91b4-4f8e-bb12-df68ce0491c5,Co-Investigator
0ceff908-b0cc-4033-bc28-ea4afe61db99,0bdda5a8-b38a-4532-b9a2-e5d9a98c05a7,Co-Investigator
0ceff908-b0cc-4033-bc28-ea4afe61db99,2efbc294-1ce4-4148-a403-93fe6450d879,Co-Investigator
0ceff908-b0cc-4033-bc28-ea4afe61db99,9734ef6f-09d1-4ca1-b968-6ad34872d504,Co-Investigator
0ceff908-b0cc-4033-bc28-ea4afe61db99,54383d75-e8f9-42fc-bf92-593e0133f0eb,Co-Investigator
0ceff908-b0cc-4033-bc28-ea4afe61db99,c3ca425d-f0d9-493b-9012-7dee3b9e2dfb,Co-Investigator
0ceff908-b0cc-4033-bc28-ea4afe61db99,bc8bcc0c-c956-451c-8f18-6caed523f6d6,Co-Investigator
2b7b3917-2b7f-4064-aa9c-6536d1384b1f,f14f4742-c9d8-4a34-b8e2-d713c3a1f437,Principal Investigator
82a555b1-9926-4e23-928d-ebf205ba4685,1c4bfd79-4336-4b17-a672-9acb465f15c0,Principal Investigator
82a555b1-9926-4e23-928d-ebf205ba4685,64730011-f493-4dbb-abf6-b48924ddc794,Co-Investigator
82a555b1-9926-4e23-928d-ebf205ba4685,ea2d2480-46fb-493d-8dd4-6f054f58098a,Co-Investigator
0e648138-2db2-4f9e-b8fd-95d39b5741d5,f11b0cc1-ad9f-4b12-b805-65b70e5bcd65,Principal Investigator
70aa6be9-7b1a-4d02-8516-2f226c6446a7,2ef641d0-bd79-425b-8b12-b58d74b993ae,Principal Investigator
70aa6be9-7b1a-4d02-8516-2f226c6446a7,45b600aa-d6c7-4c4b-91b3-1d934aec4402,Co-Investigator
04ca7eda-07a3-4ceb-be18-8921e37c7d74,92f6c3f3-0ad2-40fc-b278-69170f87567d,Principal Investigator
04ca7eda-07a3-4ceb-be18-8921e37c7d74,0bdda5a8-b38a-4532-b9a2-e5d9a98c05a7,Co-Principal Investigator
3fe79ef9-5777-4dee-8747-33d8e36ad194,418f030f-2b26-4c74-a77b-c0c87d13f56d,Principal Investigator
3fe79ef9-5777-4dee-8747-33d8e36ad194,d7412bcc-4b0f-4ccf-97e2-11b985e93fd9,Co-Investigator
3fe79ef9-5777-4dee-8747-33d8e36ad194,59a5c8b4-0a40-4e0b-8160-690a2b7cf1ca,Co-Investigator
7bf9578f-29aa-4a51-82f7-7e3f6b66a6d6,1c4bfd79-4336-4b17-a672-9acb465f15c0,Principal Investigator
7bf9578f-29aa-4a51-82f7-7e3f6b66a6d6,6800c64b-0e54-49cb-a703-384b4987b70c,Co-Investigator
7bf9578f-29aa-4a51-82f7-7e3f6b66a6d6,864e737f-8deb-4b43-8403-8edb558e8567,Co-Investigator
1baff225-8457-4d6e-90a7-149c465f4cd0,418f030f-2b26-4c74-a77b-c0c87d13f56d,Principal Investigator
2d0e4509-f039-49bc-b670-0d5d3e31284b,e383647f-00d3-41b1-ad95-ff69bdfffb42,Principal Investigator
2d0e4509-f039-49bc-b670-0d5d3e31284b,b55a7155-5e64-4230-b7da-94f7872e9742,Co-Investigator
2d0e4509-f039-49bc-b670-0d5d3e31284b,1ee9fda3-cb4e-4c06-82b1-7e248c20a700,Co-Investigator
e643ab11-4b5d-4690-bdf2-a6c75d273fec,5ad9c220-e37f-443a-8a31-fc4abf365db5,Principal Investigator
e643ab11-4b5d-4690-bdf2-a6c75d273fec,5e0b9262-e80c-4eb3-9d39-47d0121454ca,Co-Investigator
e643ab11-4b5d-4690-bdf2-a6c75d273fec,2f6e4cae-9002-4aff-a562-526705e850af,Co-Investigator
34bde59f-bc47-44fb-81e8-1d675ca36df6,74a08deb-18e1-48d0-a86e-ed6675da92ab,Principal Investigator
b501546f-657e-4455-8006-d0a5cd897749,c40e1e8a-50ee-4a7c-b7f0-2fc0fdd62adc,Principal Investigator
b501546f-657e-4455-8006-d0a5cd897749,0ee7ba1e-3108-4db3-a908-97977980d032,Co-Investigator
b501546f-657e-4455-8006-d0a5cd897749,523ffd96-f3b2-49cc-8f24-dc9215b84bed,Collaborator
006aab10-ce8e-4a74-aadc-202659c2e2b1,bdc2cd4a-df05-46ca-b027-b038039a58ec,Principal Investigator
1afe974b-d602-4c5c-ab84-24ba24b7ce81,6aed9698-9a0c-4956-be0d-ec658bbfe09a,Principal Investigator
1afe974b-d602-4c5c-ab84-24ba24b7ce81,07251d01-c63e-448b-84f2-6e9e128ae147,Co-Investigator
1afe974b-d602-4c5c-ab84-24ba24b7ce81,f09e1c90-dbb8-4379-9905-0086e71503d4,Co-Investigator
1afe974b-d602-4c5c-ab84-24ba24b7ce81,cea9fe0e-2aa6-4a19-8a04-13cffe563626,Collaborator
4d0d5ca1-0e3e-4709-9b43-3fb58b57869c,9027b41a-4159-4db7-9ddd-8fc8f41f1fb3,Principal Investigator
4d0d5ca1-0e3e-4709-9b43-3fb58b57869c,b2b68ce2-6257-45bf-ab48-dc17d05c885e,Co-Principal Investigator
4d0d5ca1-0e3e-4709-9b43-3fb58b57869c,12df9187-47b5-4d7e-87f5-9089a3d229c1,Co-Investigator
28c482c8-3f29-4c4d-abae-c3ea636d65c1,0ee7ba1e-3108-4db3-a908-97977980d032,Principal Investigator
28c482c8-3f29-4c4d-abae-c3ea636d65c1,f073ebac-704d-4236-9206-d1d2ef2be9c3,Co-Investigator
28c482c8-3f29-4c4d-abae-c3ea636d65c1,5ad9c220-e37f-443a-8a31-fc4abf365db5,Co-Investigator
28c482c8-3f29-4c4d-abae-c3ea636d65c1,f2a38db0-49a6-4252-af15-8586639f1b6e,Co-Investigator
28c482c8-3f29-4c4d-abae-c3ea636d65c1,e726f512-d3fd-4d89-962a-3aa9f532a52f,Co-Investigator
28c482c8-3f29-4c4d-abae-c3ea636d65c1,5e0b9262-e80c-4eb3-9d39-47d0121454ca,Co-Investigator
28c482c8-3f29-4c4d-abae-c3ea636d65c1,e20164d2-7e0c-4f05-88be-ca477dfc5f8c,Co-Investigator
28c482c8-3f29-4c4d-abae-c3ea636d65c1,0600e907-f51e-4588-923c-9a984592580e,Co-Investigator
28c482c8-3f29-4c4d-abae-c3ea636d65c1,977ec015-b047-44f1-8aa9-bda7d606c977,Co-Investigator
28c482c8-3f29-4c4d-abae-c3ea636d65c1,ad50bed7-77fd-4c7f-819c-54455506e3f0,Co-Investigator
28c482c8-3f29-4c4d-abae-c3ea636d65c1,410df04c-bc1d-4cd3-9726-c35469ddab8c,Co-Investigator
28c482c8-3f29-4c4d-abae-c3ea636d65c1,cf5e1d64-5489-4534-ba34-8dba5fd354a6,Co-Investigator
28c482c8-3f29-4c4d-abae-c3ea636d65c1,a420ffb3-2ca6-4925-a25f-baaa5228fc15,Co-Investigator
28c482c8-3f29-4c4d-abae-c3ea636d65c1,c40e1e8a-50ee-4a7c-b7f0-2fc0fdd62adc,Co-Investigator
28c482c8-3f29-4c4d-abae-c3ea636d65c1,8e5f2a6c-c817-4a90-b48b-d9171743ad0f,Co-Investigator
28c482c8-3f29-4c4d-abae-c3ea636d65c1,90b501a9-4d44-460b-b193-4d7d524bb21b,Co-Investigator
28c482c8-3f29-4c4d-abae-c3ea636d65c1,9504265d-0046-4e58-b529-256a656c012d,Co-Investigator
28c482c8-3f29-4c4d-abae-c3ea636d65c1,1abda59f-c493-4824-a7b1-7470d66f08d1,Collaborator
28c482c8-3f29-4c4d-abae-c3ea636d65c1,ad34a0be-1ed8-477e-a356-cbe1195ea315,Collaborator
90de203d-fe8a-4ee8-9e89-57562ef752e1,df52a23b-7109-4616-a59a-d6d90f777595,Co-Investigator
b47abab8-758b-4317-be3b-a2b8fb15d820,f11b0cc1-ad9f-4b12-b805-65b70e5bcd65,Principal Investigator
b47abab8-758b-4317-be3b-a2b8fb15d820,0284519c-3320-48a2-8b0d-b4ae9351a403,Co-Investigator
5658611e-8732-47e8-b193-538392ec9395,63342b24-28ec-40c5-a7d9-ec49867dc75d,Principal Investigator
5658611e-8732-47e8-b193-538392ec9395,09813918-f2fa-46c2-a9b1-069b140c2903,Co-Investigator
5140d65f-c9c2-4102-ade1-a656cce36387,e8e88610-5144-41da-95bf-597abf1d7869,Principal Investigator
5140d65f-c9c2-4102-ade1-a656cce36387,610312cd-b173-4efa-bbb5-0a22e9b9ce02,Co-Investigator
5140d65f-c9c2-4102-ade1-a656cce36387,41da2096-dc8b-44c2-93ad-6473e220f85e,Co-Investigator
5140d65f-c9c2-4102-ade1-a656cce36387,b2d076fd-b924-4251-abbe-d86ecbed2004,Co-Investigator
b6756336-3fb7-43db-bf24-2f44fd14c5c3,8bd9b364-d90f-486f-9965-84cd3dc63ca3,Principal Investigator
651c41e7-057d-4e62-8d5d-d106e588e355,a420ffb3-2ca6-4925-a25f-baaa5228fc15,Principal Investigator
651c41e7-057d-4e62-8d5d-d106e588e355,b4a6e67f-0caa-4faf-a136-bf77496f3659,Co-Investigator
c82f5a3b-b237-48b8-8b59-b5ef25702f02,443362d7-b255-460d-a559-0fa80a8d9fbc,Principal Investigator
c82f5a3b-b237-48b8-8b59-b5ef25702f02,0537edb0-1a18-425e-8a82-c92b2882a597,Co-Investigator
c82f5a3b-b237-48b8-8b59-b5ef25702f02,74556ce3-9926-47a4-95b6-061d7bf041f5,Co-Investigator
5c14f2cf-9f83-4b48-b608-8f504edc970c,a420ffb3-2ca6-4925-a25f-baaa5228fc15,Principal Investigator
5c14f2cf-9f83-4b48-b608-8f504edc970c,22ec9269-2fff-4dbf-a9c7-5037559a15ee,Co-Investigator
5c14f2cf-9f83-4b48-b608-8f504edc970c,f30d35c6-4320-476f-8506-481764e6009e,Co-Investigator
5c14f2cf-9f83-4b48-b608-8f504edc970c,b55a7155-5e64-4230-b7da-94f7872e9742,Co-Investigator
6f20f57b-6622-494e-81fc-bfb1340d32e5,bdc2cd4a-df05-46ca-b027-b038039a58ec,Principal Investigator
6f20f57b-6622-494e-81fc-bfb1340d32e5,77359666-99eb-4d00-90af-6cbec6c4562b,Co-Investigator
6f20f57b-6622-494e-81fc-bfb1340d32e5,35cc0100-4ab9-4cc5-9bc7-10b4d671416f,Collaborator
ea1190eb-c06d-4c91-8b84-c881781af351,bc7a60f7-45a0-401f-813f-6b4aa700c849,Principal Investigator
ea1190eb-c06d-4c91-8b84-c881781af351,5041f387-908f-4845-9f79-3a6dbd527f4b,Co-Investigator
524b4d8b-c35d-4c77-89d4-8d13cbdb2fab,63342b24-28ec-40c5-a7d9-ec49867dc75d,Principal Investigator
524b4d8b-c35d-4c77-89d4-8d13cbdb2fab,ac400e55-5188-4efd-872a-12df089e7068,Co-Investigator
524b4d8b-c35d-4c77-89d4-8d13cbdb2fab,42c316a3-1a31-469b-b436-635edc389e02,Co-Investigator
3ccfe0ca-0a5c-41d4-91b3-6b86eb5bc477,bdc2cd4a-df05-46ca-b027-b038039a58ec,Principal Investigator
815ff3aa-8225-4ed2-81c7-368c5a326843,6ec63914-1f4e-4708-8830-1b054c2ee03a,Principal Investigator
379f431a-ce47-4ea1-835d-8855a3e0f7b1,53c45a58-4c3c-424c-80a2-c39e733fd7c3,Principal Investigator
119e304c-6427-40e5-95fd-e802aabd518e,f2136570-f73c-446f-9fb0-6d9e461e2124,Principal Investigator
3f31352b-c92a-4136-b962-82943e206a9c,62db65c9-470c-472f-b039-6c4a704ef170,Principal Investigator
3f31352b-c92a-4136-b962-82943e206a9c,1313519f-2074-41d6-8b79-589648e37211,Co-Investigator
35203d5b-8d9b-4719-aeb2-6f5074ac1686,e23e8096-59cb-4ef6-af48-ce9d806fd1eb,Principal Investigator
35203d5b-8d9b-4719-aeb2-6f5074ac1686,831421c0-027f-4a25-b795-ee2fce0c8d2a,Co-Investigator
35203d5b-8d9b-4719-aeb2-6f5074ac1686,47a94200-3abe-4354-b5e3-c8ef6f1ba1f2,Co-Investigator
2c80cfbc-f40d-4d5c-be52-2d62a6eebcd4,d30b96a8-4f1e-44fa-9bf5-0209bedf0268,Principal Investigator
3ee07b88-7850-44db-b901-92943ed05508,09ec1bda-4550-4a83-8480-fe742d77e882,Co-Investigator
97f76b43-8d08-42d6-bb32-9752c1c38ef2,785a7089-e58e-4aaa-986d-ae0e615ba508,Principal Investigator
ce8e2ce8-0470-4a8b-9c20-f54ca0265cf6,74a08deb-18e1-48d0-a86e-ed6675da92ab,Principal Investigator
692ba9a6-defc-4d0f-a278-423a6f0cfeda,92f6c3f3-0ad2-40fc-b278-69170f87567d,Principal Investigator
692ba9a6-defc-4d0f-a278-423a6f0cfeda,0bdda5a8-b38a-4532-b9a2-e5d9a98c05a7,Co-Principal Investigator
51455974-553e-4f70-b330-1901d9efc34c,6ec63914-1f4e-4708-8830-1b054c2ee03a,Co-Investigator
f2db8d63-45ff-4810-a889-b272fd938d3a,e6f70fb0-caf1-4736-b583-b0777bc1390f,Principal Investigator
f2db8d63-45ff-4810-a889-b272fd938d3a,d3b41838-e2bf-4735-b1cd-03f60b49c7e5,Principal Investigator
f2db8d63-45ff-4810-a889-b272fd938d3a,672280b6-17c9-4191-9b00-8f1322fc1d90,Co-Investigator
4d82f1f3-3bfd-4b4f-b906-501050b7b42c,a4c1604d-b01f-46ef-baf3-74d2a8046d6b,Principal Investigator
4d82f1f3-3bfd-4b4f-b906-501050b7b42c,1e0534b4-fe3e-4c5e-ad6d-5f1c7df6a14e,Co-Investigator
4d82f1f3-3bfd-4b4f-b906-501050b7b42c,42d8cef2-2fa9-4545-b4f4-a44dadf4934f,Co-Investigator
4c04ec87-4051-4ede-a971-ff8badc270f6,a39b94ff-e1b6-4b96-8404-486167a9123d,Principal Investigator
4c04ec87-4051-4ede-a971-ff8badc270f6,02fbfd2f-9290-41dc-b82e-fcc2abcd9b2a,Co-Investigator
4c04ec87-4051-4ede-a971-ff8badc270f6,fea53dc2-758b-4dc3-962c-68e0b52d2925,Co-Investigator
4c04ec87-4051-4ede-a971-ff8badc270f6,fc57a764-276e-463a-aa68-fa54ffaf31d6,Co-Investigator
4c04ec87-4051-4ede-a971-ff8badc270f6,fb4b9d17-f1ec-466b-b222-caba06823edc,Co-Investigator
4c04ec87-4051-4ede-a971-ff8badc270f6,0562500c-e9cb-43cf-9641-8775d47103cc,Co-Investigator
4c04ec87-4051-4ede-a971-ff8badc270f6,ad50bed7-77fd-4c7f-819c-54455506e3f0,Collaborator
4c04ec87-4051-4ede-a971-ff8badc270f6,1abda59f-c493-4824-a7b1-7470d66f08d1,Collaborator
9f77d6e9-c0a5-4560-94ba-9451dc779f58,fda8c630-1b0a-4910-ae2a-602850616275,Principal Investigator
9f77d6e9-c0a5-4560-94ba-9451dc779f58,02960d47-7677-4b2c-99d4-490a31fd6885,Co-Investigator
9f77d6e9-c0a5-4560-94ba-9451dc779f58,6a57a243-af32-4e1d-849c-75146da60102,Co-Investigator
57db6982-838f-4e23-91d0-baf208bc96fe,785a7089-e58e-4aaa-986d-ae0e615ba508,Principal Investigator
b89d0b30-96a0-4ea3-89d3-22cb75fd5622,a420ffb3-2ca6-4925-a25f-baaa5228fc15,Principal Investigator
b89d0b30-96a0-4ea3-89d3-22cb75fd5622,98a59a44-499e-4a6e-a8e8-24211f117b23,Co-Investigator
b89d0b30-96a0-4ea3-89d3-22cb75fd5622,b4a6e67f-0caa-4faf-a136-bf77496f3659,Co-Investigator
e7d8b595-d142-4a34-bfb1-0a9f04cb1cdf,47a94200-3abe-4354-b5e3-c8ef6f1ba1f2,Co-Investigator
e7d8b595-d142-4a34-bfb1-0a9f04cb1cdf,a0141d84-9000-4cb4-9fbf-8d8377d7b66d,Co-Investigator
4bfcdb8a-694f-4e96-8646-abe00eee5819,9504265d-0046-4e58-b529-256a656c012d,Co-Investigator
4bfcdb8a-694f-4e96-8646-abe00eee5819,879e7ac4-e64c-4c5f-9591-421e56cd0678,Principal Investigator
4bfcdb8a-694f-4e96-8646-abe00eee5819,845595fe-6614-4cf2-968c-3e815db79b4d,Co-Investigator
4bfcdb8a-694f-4e96-8646-abe00eee5819,6596de1d-ea29-4252-a22e-f98cf28090c6,Co-Investigator
47e06774-9088-4465-8ab8-f8c27cd731d6,a420ffb3-2ca6-4925-a25f-baaa5228fc15,Principal Investigator
47e06774-9088-4465-8ab8-f8c27cd731d6,f2b81a70-1d6c-42d1-a3b5-1d4338be4b8c,Co-Investigator
47e06774-9088-4465-8ab8-f8c27cd731d6,ff6f398b-4bde-46da-a460-9815134b42eb,Co-Investigator
47e06774-9088-4465-8ab8-f8c27cd731d6,98a59a44-499e-4a6e-a8e8-24211f117b23,Co-Investigator
b7bb0d86-8c3c-4d0e-841c-dd0e7607ec13,09ec1bda-4550-4a83-8480-fe742d77e882,Co-Investigator
f02c91da-a5ce-4aa9-99e8-140136d14aa9,785a7089-e58e-4aaa-986d-ae0e615ba508,Principal Investigator
c8211d83-460f-41fa-b8cf-b8c031b8b18b,a420ffb3-2ca6-4925-a25f-baaa5228fc15,Principal Investigator
c8211d83-460f-41fa-b8cf-b8c031b8b18b,ff6f398b-4bde-46da-a460-9815134b42eb,Co-Investigator
c8211d83-460f-41fa-b8cf-b8c031b8b18b,bf8d35b0-2ec1-4cd7-a341-51627a0acbb9,Co-Investigator
c8211d83-460f-41fa-b8cf-b8c031b8b18b,faf0279a-dd8c-47b7-9570-3570c0ac803c,Co-Investigator
9dbabc2a-7042-4d3a-8f8b-33910a8adc04,53c45a58-4c3c-424c-80a2-c39e733fd7c3,Principal Investigator
9dbabc2a-7042-4d3a-8f8b-33910a8adc04,bb404350-dc8d-4345-965f-a3602b726014,Collaborator
d0360b60-3c3a-47d2-acf0-223ec3248818,cf5e1d64-5489-4534-ba34-8dba5fd354a6,Principal Investigator
d0360b60-3c3a-47d2-acf0-223ec3248818,7e884581-3d40-42e6-af12-453e052c9c87,Principal Investigator
3d246d02-274d-4bba-8760-0ee09fa39b32,a39b94ff-e1b6-4b96-8404-486167a9123d,Principal Investigator
3d246d02-274d-4bba-8760-0ee09fa39b32,d05daa00-c3d6-4a89-ba14-cfd1847fb0cc,Co-Investigator
2394be68-c192-4634-ba99-18798309529b,1313519f-2074-41d6-8b79-589648e37211,Principal Investigator
abcfded3-fae9-4da5-97e5-658a188a0190,4d7fda5a-3cf4-4d39-9daf-1ae192b0e0e7,Principal Investigator
abcfded3-fae9-4da5-97e5-658a188a0190,fa03d816-cd99-4fea-b45b-efe7ecd3cb0a,Co-Investigator
8ea1d816-cfb3-4b02-a1cd-5c34a3d0fd61,1052b289-f510-4c5a-9662-2db48c12ebc2,Principal Investigator
8ea1d816-cfb3-4b02-a1cd-5c34a3d0fd61,54728da8-274d-40e6-b119-23318d995721,Co-Investigator
8ea1d816-cfb3-4b02-a1cd-5c34a3d0fd61,4e33d926-364b-47b8-97d7-409c16b62db9,Co-Investigator
d0796f54-9b0c-4dfe-980d-a4bc1a5a4e76,1578b20c-b5d0-466f-b114-2582529ddc53,Principal Investigator
d0796f54-9b0c-4dfe-980d-a4bc1a5a4e76,81de28ef-db46-405c-a49b-79af67660d89,Co-Investigator
747ffa41-bbdd-492b-9e0d-20f9b49278d3,b752c464-c7fb-4a52-a0c3-3b2d3db5d62f,Principal Investigator
8c634482-49e2-4d00-82e9-788283bfe90d,831421c0-027f-4a25-b795-ee2fce0c8d2a,Principal Investigator
8c634482-49e2-4d00-82e9-788283bfe90d,1dbd1112-eb47-4406-936c-6807e8845610,Co-Investigator
6bdbc155-83c0-4139-ab79-ec3933ba3a05,f073ebac-704d-4236-9206-d1d2ef2be9c3,Principal Investigator
6bdbc155-83c0-4139-ab79-ec3933ba3a05,04344edd-2f02-45d5-ad45-baffe4c08898,Co-Investigator
6bdbc155-83c0-4139-ab79-ec3933ba3a05,c6b67626-5ff8-4730-93a6-70ee08f6013e,Co-Investigator
6bdbc155-83c0-4139-ab79-ec3933ba3a05,e9d5602d-a3ba-4ac4-9c9c-7a51100e41d3,Co-Investigator
6bdbc155-83c0-4139-ab79-ec3933ba3a05,523ffd96-f3b2-49cc-8f24-dc9215b84bed,Co-Investigator
2e7aeab2-a66b-469a-8bf6-5a746933e3b6,bdc2cd4a-df05-46ca-b027-b038039a58ec,Principal Investigator
8e3474bc-dd89-4c0c-a84c-4c8ad3e95467,f11b0cc1-ad9f-4b12-b805-65b70e5bcd65,Co-Investigator
8e3474bc-dd89-4c0c-a84c-4c8ad3e95467,0c46864b-a7f8-4439-aeda-0781f77bfe88,Principal Investigator
1550b177-ea65-4622-a400-60ce9cc9053d,831421c0-027f-4a25-b795-ee2fce0c8d2a,Principal Investigator
1550b177-ea65-4622-a400-60ce9cc9053d,e23e8096-59cb-4ef6-af48-ce9d806fd1eb,Co-Investigator
92a3a94c-c825-4662-97bc-2b9d802618ea,443362d7-b255-460d-a559-0fa80a8d9fbc,Principal Investigator
92a3a94c-c825-4662-97bc-2b9d802618ea,1b3cff7f-1549-4998-b52e-0ba9093e1d01,Co-Investigator
92a3a94c-c825-4662-97bc-2b9d802618ea,e9d14210-bc71-4824-b7cf-fd1448d022ab,Co-Investigator
92a3a94c-c825-4662-97bc-2b9d802618ea,70f3c85a-9cd2-40b4-bed9-5e2a75609421,Co-Investigator
92a3a94c-c825-4662-97bc-2b9d802618ea,2efbc294-1ce4-4148-a403-93fe6450d879,Co-Investigator
92a3a94c-c825-4662-97bc-2b9d802618ea,d55dab65-fffe-4da4-a383-cfcf5ee3a8cd,Co-Investigator
92a3a94c-c825-4662-97bc-2b9d802618ea,0537edb0-1a18-425e-8a82-c92b2882a597,Co-Investigator
92a3a94c-c825-4662-97bc-2b9d802618ea,3ef9211c-34b2-4061-ba59-c5800d6a5b32,Co-Investigator
92a3a94c-c825-4662-97bc-2b9d802618ea,6c543b1d-8137-489d-b444-d17921fc9de9,Co-Investigator
45a64c9c-7b9c-40e7-966b-f524e0a23668,10003d22-a201-4b64-88e3-b423bc76fcc2,Principal Investigator
1f45d635-42f4-44e1-864c-7ff0ed31ac2b,10e4fc8e-556f-4104-b744-409caedc2276,Principal Investigator
416dd5ce-dd32-4fde-bd1a-0a91a14ecca8,d5c3a434-36d5-4861-862d-3c5b3e332121,Principal Investigator
416dd5ce-dd32-4fde-bd1a-0a91a14ecca8,cfd2eb14-8c3d-4c92-b6f4-acf076e82110,Collaborator
416dd5ce-dd32-4fde-bd1a-0a91a14ecca8,5fe674d5-8b11-4c75-8fe0-c7730db40441,Collaborator
18faa057-608d-4cc5-8448-e902b1978a84,1dbd1112-eb47-4406-936c-6807e8845610,Principal Investigator
520a1d77-0114-475f-8622-c46c122a0a82,5c50bbc9-ed3d-417f-ba4d-e484eaf536b3,Principal Investigator
520a1d77-0114-475f-8622-c46c122a0a82,831421c0-027f-4a25-b795-ee2fce0c8d2a,Co-Investigator
520a1d77-0114-475f-8622-c46c122a0a82,1313519f-2074-41d6-8b79-589648e37211,Co-Investigator
dded96d9-89f4-4348-ab14-034dcd34c54f,f6921641-1f0a-4e24-a3a9-546e3927ab72,Principal Investigator
dded96d9-89f4-4348-ab14-034dcd34c54f,10e4fc8e-556f-4104-b744-409caedc2276,Co-Investigator
4147c684-9a19-4cf5-9f9e-48f7d89b474a,22ec9269-2fff-4dbf-a9c7-5037559a15ee,Principal Investigator
3cc55852-f8c5-4785-89fe-3effd68d8082,10e4fc8e-556f-4104-b744-409caedc2276,Principal Investigator
3ae3c857-e3f4-449d-a16f-ca2ef5b1b7a2,bc7a60f7-45a0-401f-813f-6b4aa700c849,Principal Investigator
679f65c3-ff92-4d18-a517-eac12777270b,1578b20c-b5d0-466f-b114-2582529ddc53,Principal Investigator
39d18547-01f7-4fbc-9794-cb87a4530afb,a420ffb3-2ca6-4925-a25f-baaa5228fc15,Principal Investigator
39d18547-01f7-4fbc-9794-cb87a4530afb,ff6f398b-4bde-46da-a460-9815134b42eb,Co-Investigator
aecbaf94-4098-45e4-a536-bbf29ab9de55,443362d7-b255-460d-a559-0fa80a8d9fbc,Principal Investigator
aecbaf94-4098-45e4-a536-bbf29ab9de55,20ad2ae0-df32-484d-84ed-f65810600cfa,Co-Investigator
aecbaf94-4098-45e4-a536-bbf29ab9de55,3d49de50-0620-46fe-ae15-53b12dfb8649,Co-Investigator
38cecda7-bb24-4d49-8f67-cada7a740062,e0edf6ca-5a14-41d8-81cc-77fd67f03ee5,Principal Investigator
38cecda7-bb24-4d49-8f67-cada7a740062,74a08deb-18e1-48d0-a86e-ed6675da92ab,Co-Investigator
38cecda7-bb24-4d49-8f67-cada7a740062,51cfa226-5179-4a05-aa13-4a53f8de6404,Co-Investigator
cdf9f5a6-86d4-4aa9-b627-f07790f935c1,f073ebac-704d-4236-9206-d1d2ef2be9c3,Principal Investigator
cdf9f5a6-86d4-4aa9-b627-f07790f935c1,8e5f2a6c-c817-4a90-b48b-d9171743ad0f,Co-Investigator
04f24f1f-66c8-464d-af91-7ad58b59d45e,f073ebac-704d-4236-9206-d1d2ef2be9c3,Principal Investigator
9f83ca3e-d774-470b-9ef6-e1e0098b860f,f073ebac-704d-4236-9206-d1d2ef2be9c3,Principal Investigator
9f83ca3e-d774-470b-9ef6-e1e0098b860f,78a992d3-b8eb-4fd6-8a5e-18c464d0b254,Co-Investigator
9f83ca3e-d774-470b-9ef6-e1e0098b860f,e9d5602d-a3ba-4ac4-9c9c-7a51100e41d3,Co-Investigator
0f8bf697-8a17-4351-b22d-d0a15ed6c897,22ec9269-2fff-4dbf-a9c7-5037559a15ee,Principal Investigator
11acd45e-396b-4a0c-b2b6-7be5a7c36ef7,bdc2cd4a-df05-46ca-b027-b038039a58ec,Principal Investigator
b2bbb8b5-6c00-49ea-9b02-ac18f631ac96,c649bf10-5588-4d10-8c7c-471874cf98f9,Principal Investigator
0f5d7921-6113-492b-a852-12964960abc7,0ee7ba1e-3108-4db3-a908-97977980d032,Co-Investigator
0f5d7921-6113-492b-a852-12964960abc7,a39b94ff-e1b6-4b96-8404-486167a9123d,Co-Investigator
990ab63e-f16a-48d4-ae87-fc253d954f1e,d3b41838-e2bf-4735-b1cd-03f60b49c7e5,Principal Investigator
22cbd24b-36a5-4187-8879-ab183e8b67c3,6ec63914-1f4e-4708-8830-1b054c2ee03a,Principal Investigator
3c096907-2670-45af-9e43-4d828d45b072,bc7a60f7-45a0-401f-813f-6b4aa700c849,Principal Investigator
3c096907-2670-45af-9e43-4d828d45b072,9734ef6f-09d1-4ca1-b968-6ad34872d504,Co-Investigator
d0cad16b-7c77-4f79-be71-34700fbdfbeb,1e0534b4-fe3e-4c5e-ad6d-5f1c7df6a14e,Principal Investigator
b2ecef34-ff7e-4233-b352-7bd3db84991b,831421c0-027f-4a25-b795-ee2fce0c8d2a,Principal Investigator
58dbcc53-f489-48fe-879a-d9c70d9c5f55,63342b24-28ec-40c5-a7d9-ec49867dc75d,Co-Investigator
58dbcc53-f489-48fe-879a-d9c70d9c5f55,205293c7-3f0e-4adb-94d5-790e81990d48,Co-Investigator
5f390eca-e9d9-433e-aa5f-4bdd301809f8,1313519f-2074-41d6-8b79-589648e37211,Principal Investigator
98da69a6-9b7a-49ea-b353-2b371a9f892b,1dbd1112-eb47-4406-936c-6807e8845610,Principal Investigator
cf4ebeb2-8442-4ebc-87f8-eef03e9c41d6,1052b289-f510-4c5a-9662-2db48c12ebc2,Principal Investigator
f41e5c15-7b52-4fd2-a007-6b36c382c090,a420ffb3-2ca6-4925-a25f-baaa5228fc15,Principal Investigator
f41e5c15-7b52-4fd2-a007-6b36c382c090,98a59a44-499e-4a6e-a8e8-24211f117b23,Co-Investigator
385c5718-80ba-49f4-88b4-fc8d85a4a897,2efbc294-1ce4-4148-a403-93fe6450d879,Principal Investigator
28505b1e-2be0-4e3e-a956-174e88f7b6cb,f11b0cc1-ad9f-4b12-b805-65b70e5bcd65,Principal Investigator
92dd15f8-1163-4e47-a198-2af8537b5575,689427b5-8d2a-44f3-b291-6db6ba598305,Principal Investigator
92dd15f8-1163-4e47-a198-2af8537b5575,ddcdfda8-c5ea-4e67-b0ea-21ba86966197,Co-Investigator
46376f84-6f50-4a46-b43e-480f0dbfaf49,06d038a4-f659-4c53-8a6d-58e295ab603f,Co-Investigator
6a4bfd9a-0ada-42ee-a458-1dcb9158027c,ffc6db77-95ed-452f-92ac-ca143a9db73c,Principal Investigator
6a4bfd9a-0ada-42ee-a458-1dcb9158027c,f073ebac-704d-4236-9206-d1d2ef2be9c3,Co-Investigator
890d38c5-60d4-4c00-80f7-2ed30f36b8b6,0ee7ba1e-3108-4db3-a908-97977980d032,Principal Investigator
890d38c5-60d4-4c00-80f7-2ed30f36b8b6,d3b41838-e2bf-4735-b1cd-03f60b49c7e5,Co-Investigator
115736de-5b8c-4d29-ad2e-8898f9a19e77,bc7a60f7-45a0-401f-813f-6b4aa700c849,Principal Investigator
115736de-5b8c-4d29-ad2e-8898f9a19e77,8aaf5ea6-92c2-4780-bba3-cdc171315e0b,Co-Investigator
115736de-5b8c-4d29-ad2e-8898f9a19e77,9734ef6f-09d1-4ca1-b968-6ad34872d504,Co-Investigator
115736de-5b8c-4d29-ad2e-8898f9a19e77,986bf923-1db1-4387-85ed-db9c03a27ab5,Co-Investigator
0e80f60f-45a9-4c29-a4b0-6743f238591d,92f6c3f3-0ad2-40fc-b278-69170f87567d,Principal Investigator
0e80f60f-45a9-4c29-a4b0-6743f238591d,0bdda5a8-b38a-4532-b9a2-e5d9a98c05a7,Co-Investigator
a3b32cef-4240-4466-b3d1-3da4b4b67746,f14f4742-c9d8-4a34-b8e2-d713c3a1f437,Principal Investigator
a3b32cef-4240-4466-b3d1-3da4b4b67746,d4dc2c50-a749-4f5b-a3f1-763c1dc405fb,Principal Investigator
a01e82a8-1c5d-49ad-aae9-45dce9e0a1ce,2a9c0934-98ca-4101-b829-b88d77f6487e,Principal Investigator
a01e82a8-1c5d-49ad-aae9-45dce9e0a1ce,8785f18a-1bf3-4c63-8d8b-d3e5d516ca40,Co-Investigator
e7f0f9c0-f733-47d2-aa61-09c7d53ae85a,5ad9c220-e37f-443a-8a31-fc4abf365db5,Principal Investigator
e7f0f9c0-f733-47d2-aa61-09c7d53ae85a,ad50bed7-77fd-4c7f-819c-54455506e3f0,Co-Investigator
f14dc4aa-4c94-4a5f-9bc2-d4622e043e88,5c50bbc9-ed3d-417f-ba4d-e484eaf536b3,Principal Investigator
5c0cc9c6-9752-4e9c-9ec7-219daef07620,2a9c0934-98ca-4101-b829-b88d77f6487e,Principal Investigator
5c0cc9c6-9752-4e9c-9ec7-219daef07620,7dd48cfe-3069-4563-bef4-ef661c18387a,Co-Investigator
5c0cc9c6-9752-4e9c-9ec7-219daef07620,05788d6a-1042-4bf1-8ed7-b11224fb483e,Co-Investigator
5c0cc9c6-9752-4e9c-9ec7-219daef07620,5c54c44a-9eaa-4a97-a78a-e853dc73e9d9,Co-Investigator
08adc0f6-bd4d-4ed3-9908-6dc6b47e18e4,bd52cb95-025e-4106-9c13-1345c76dcbfe,Co-Investigator
cea6bbe1-ef98-434d-ab7f-122ac69eacc1,785a7089-e58e-4aaa-986d-ae0e615ba508,Principal Investigator
516759c6-100c-49bd-9893-30e1e0bb8687,879e7ac4-e64c-4c5f-9591-421e56cd0678,Principal Investigator
1cbc6b08-1a6a-438e-aefd-3811a68c4a61,785a7089-e58e-4aaa-986d-ae0e615ba508,Principal Investigator
5b389df6-a3bf-424f-9f9c-b024d7b2f243,e175684d-abc3-4ee4-9a12-af6c611e47c0,Principal Investigator
adcf6fe8-ed82-426e-825a-901abce58b36,3dac6e0e-2770-4c5e-b32a-d7750523516f,Co-Investigator
6ee138d1-5e46-4b40-9023-4cf3481ef1b1,bc7a60f7-45a0-401f-813f-6b4aa700c849,Principal Investigator
6ee138d1-5e46-4b40-9023-4cf3481ef1b1,06d038a4-f659-4c53-8a6d-58e295ab603f,Principal Investigator
45f263dd-1188-41c4-bb96-9e8a27753837,37d49222-56d7-4c65-8d52-3638544511cf,Principal Investigator
45f263dd-1188-41c4-bb96-9e8a27753837,d3b41838-e2bf-4735-b1cd-03f60b49c7e5,Co-Investigator
45f263dd-1188-41c4-bb96-9e8a27753837,9cf737ee-bd9a-4f7e-b865-b6ff6ed01fde,Co-Investigator
c5d1965f-621e-4f0f-9071-1823ccc20fc9,0a2a2206-180b-4443-bdb7-92deba889221,Principal Investigator
c5d1965f-621e-4f0f-9071-1823ccc20fc9,80784458-06f6-4eff-b0c8-df982ffa9835,Principal Investigator
442bc168-730b-4bfc-beda-6d58da68b389,6aed9698-9a0c-4956-be0d-ec658bbfe09a,Principal Investigator
91b0563a-0942-47e8-9257-d6325edc5cea,a420ffb3-2ca6-4925-a25f-baaa5228fc15,Principal Investigator
91b0563a-0942-47e8-9257-d6325edc5cea,37d49222-56d7-4c65-8d52-3638544511cf,Principal Investigator
91b0563a-0942-47e8-9257-d6325edc5cea,8bd9b364-d90f-486f-9965-84cd3dc63ca3,Co-Investigator
91b0563a-0942-47e8-9257-d6325edc5cea,b4a6e67f-0caa-4faf-a136-bf77496f3659,Co-Investigator
f15d06d9-2436-4799-a1ef-c90b629b763e,bdc2cd4a-df05-46ca-b027-b038039a58ec,Principal Investigator
4e7a60ad-83de-493c-b0bf-3beb5c244963,7016a7a0-c187-4a62-baef-0780150912d1,Principal Investigator
cacb1264-bab7-49b9-bf36-2605f6094b98,1b45e3f5-b8cd-4c0d-a444-2901304f76ee,Co-Investigator
cd952189-982a-4f7f-8e1e-ccd3fde697a9,20ad2ae0-df32-484d-84ed-f65810600cfa,Principal Investigator
cd952189-982a-4f7f-8e1e-ccd3fde697a9,443362d7-b255-460d-a559-0fa80a8d9fbc,Principal Investigator
c37bcaa8-233a-4eb6-8885-8a91a102ab32,1052b289-f510-4c5a-9662-2db48c12ebc2,Principal Investigator
3bfb340e-d0be-4d2c-9a7b-62326e135ed0,bdc2cd4a-df05-46ca-b027-b038039a58ec,Principal Investigator
329b2f51-1933-4974-88a3-ba9671a2961f,a420ffb3-2ca6-4925-a25f-baaa5228fc15,Principal Investigator
90a18c30-a468-4c17-b58f-24273afb4e48,80784458-06f6-4eff-b0c8-df982ffa9835,Principal Investigator
a47bca2c-ed3b-4a03-9e96-b962a0ede92f,47a94200-3abe-4354-b5e3-c8ef6f1ba1f2,Principal Investigator
32e83e51-c4c7-4917-8d65-0d00c6972e53,63342b24-28ec-40c5-a7d9-ec49867dc75d,Principal Investigator
32e83e51-c4c7-4917-8d65-0d00c6972e53,71115e9d-836f-409e-8c75-27d2de3e9caa,Co-Investigator
32e83e51-c4c7-4917-8d65-0d00c6972e53,ac400e55-5188-4efd-872a-12df089e7068,Collaborator
3f6e4891-97df-4f1b-afd5-238e63e4c6d3,610312cd-b173-4efa-bbb5-0a22e9b9ce02,Principal Investigator
3f6e4891-97df-4f1b-afd5-238e63e4c6d3,22ec9269-2fff-4dbf-a9c7-5037559a15ee,Co-Investigator
f1c9fd7f-ab86-4d8a-a2ab-772f1e114023,22ec9269-2fff-4dbf-a9c7-5037559a15ee,Principal Investigator
f1c9fd7f-ab86-4d8a-a2ab-772f1e114023,c072fa93-9dbb-4815-b72a-e24dcdd453f8,Principal Investigator
074b9716-bceb-4e07-90dd-a3c3eaf359ba,2a9c0934-98ca-4101-b829-b88d77f6487e,Principal Investigator
074b9716-bceb-4e07-90dd-a3c3eaf359ba,7dd48cfe-3069-4563-bef4-ef661c18387a,Co-Investigator
074b9716-bceb-4e07-90dd-a3c3eaf359ba,5c54c44a-9eaa-4a97-a78a-e853dc73e9d9,Collaborator
074b9716-bceb-4e07-90dd-a3c3eaf359ba,8785f18a-1bf3-4c63-8d8b-d3e5d516ca40,Co-Investigator
074b9716-bceb-4e07-90dd-a3c3eaf359ba,1780c8b5-860d-4c59-8d81-09438caf15cd,Collaborator
074b9716-bceb-4e07-90dd-a3c3eaf359ba,ae381d9e-1028-4309-b7a2-8cf83a65c0b8,Collaborator
074b9716-bceb-4e07-90dd-a3c3eaf359ba,8141993a-b522-4f30-8e3c-626566a037b4,Collaborator
08e92d2d-7d30-4c53-b5d2-6aba12ded6fb,e0edf6ca-5a14-41d8-81cc-77fd67f03ee5,Principal Investigator
08e92d2d-7d30-4c53-b5d2-6aba12ded6fb,d3b41838-e2bf-4735-b1cd-03f60b49c7e5,Co-Investigator
bd1abb53-138b-45b8-8fad-374806de4171,1313519f-2074-41d6-8b79-589648e37211,Principal Investigator
f12b4043-511a-49bd-877c-5015fdf7ad38,5c50bbc9-ed3d-417f-ba4d-e484eaf536b3,Principal Investigator
14217a1f-bb16-4e4b-a4b5-5231c9ee9861,689427b5-8d2a-44f3-b291-6db6ba598305,Principal Investigator
7492316d-f1c5-4c5a-88a7-480e15dec0a2,e0edf6ca-5a14-41d8-81cc-77fd67f03ee5,Principal Investigator
7492316d-f1c5-4c5a-88a7-480e15dec0a2,598de448-af84-43c8-9147-6134a63c9b3c,Principal Investigator
7492316d-f1c5-4c5a-88a7-480e15dec0a2,74a08deb-18e1-48d0-a86e-ed6675da92ab,Co-Investigator
7492316d-f1c5-4c5a-88a7-480e15dec0a2,51cfa226-5179-4a05-aa13-4a53f8de6404,Co-Investigator
7492316d-f1c5-4c5a-88a7-480e15dec0a2,5890872a-fc4b-4720-93f6-0c473404ca15,Administrator
7492316d-f1c5-4c5a-88a7-480e15dec0a2,6b81fcf4-173e-4e8b-86d6-2c9e7b4320c6,Co-Investigator
7492316d-f1c5-4c5a-88a7-480e15dec0a2,213422bf-9c58-4ae2-8a4c-89e00b943946,Co-Investigator
7492316d-f1c5-4c5a-88a7-480e15dec0a2,70ec5312-dd31-4816-a9f0-d91883214b0a,Co-Investigator
86579405-e35b-4553-9420-f491c6062b6e,1e0534b4-fe3e-4c5e-ad6d-5f1c7df6a14e,Principal Investigator
b4ef82a3-4439-407f-9af5-6fe57334e27e,06d038a4-f659-4c53-8a6d-58e295ab603f,Principal Investigator
d6ffe763-6e77-49ea-9580-cc9f01b2e40d,37d49222-56d7-4c65-8d52-3638544511cf,Principal Investigator
11cd4029-d277-44f5-916f-71384fd8e8d6,e8e88610-5144-41da-95bf-597abf1d7869,Principal Investigator
0ae11a14-eed2-4bb8-a3e2-657776e7772c,f2136570-f73c-446f-9fb0-6d9e461e2124,Principal Investigator
0ae11a14-eed2-4bb8-a3e2-657776e7772c,0ee7ba1e-3108-4db3-a908-97977980d032,Co-Investigator
8f5fad3c-1aee-432c-8ad4-77c851de79a5,cfa94f02-ca6c-47ed-b962-64f5f61e50d2,Principal Investigator
8f5fad3c-1aee-432c-8ad4-77c851de79a5,f2136570-f73c-446f-9fb0-6d9e461e2124,Co-Investigator
8f5fad3c-1aee-432c-8ad4-77c851de79a5,0ee7ba1e-3108-4db3-a908-97977980d032,Co-Investigator
445b877c-2def-4421-9ffd-1d072bdb81d2,cfa94f02-ca6c-47ed-b962-64f5f61e50d2,Principal Investigator
445b877c-2def-4421-9ffd-1d072bdb81d2,0ee7ba1e-3108-4db3-a908-97977980d032,Co-Investigator
445b877c-2def-4421-9ffd-1d072bdb81d2,f2136570-f73c-446f-9fb0-6d9e461e2124,Co-Investigator
e4d8b5ee-d587-4cb3-9bb7-048fa82923f3,f2136570-f73c-446f-9fb0-6d9e461e2124,Co-Investigator
d19f470d-b304-44f2-b5f0-e08d54bbabbc,f2136570-f73c-446f-9fb0-6d9e461e2124,Principal Investigator
87b09ec4-7edb-49b6-ac7b-f3b9cf9e1fba,472021c7-73cc-44ba-a4ef-70cd2bed8601,Principal Investigator
d6e92b00-b7c2-44f7-b96f-da3e9d8c7681,605b59ab-91b4-4f8e-bb12-df68ce0491c5,Principal Investigator
d6e92b00-b7c2-44f7-b96f-da3e9d8c7681,f2136570-f73c-446f-9fb0-6d9e461e2124,Co-Investigator
d6e92b00-b7c2-44f7-b96f-da3e9d8c7681,0284519c-3320-48a2-8b0d-b4ae9351a403,Co-Investigator
19e2ba95-373f-4091-9ca6-3cef5331bacb,605b59ab-91b4-4f8e-bb12-df68ce0491c5,Principal Investigator
19e2ba95-373f-4091-9ca6-3cef5331bacb,f2136570-f73c-446f-9fb0-6d9e461e2124,Co-Investigator
19e2ba95-373f-4091-9ca6-3cef5331bacb,0284519c-3320-48a2-8b0d-b4ae9351a403,Co-Investigator
2ca6fcc0-4e7d-4fb9-b4cb-12e19d6338cd,0ee7ba1e-3108-4db3-a908-97977980d032,Principal Investigator
2ca6fcc0-4e7d-4fb9-b4cb-12e19d6338cd,f2a38db0-49a6-4252-af15-8586639f1b6e,Co-Investigator
2ca6fcc0-4e7d-4fb9-b4cb-12e19d6338cd,977ec015-b047-44f1-8aa9-bda7d606c977,Co-Investigator
d23173e1-923f-410d-b125-bca38d06a63e,6aed9698-9a0c-4956-be0d-ec658bbfe09a,Principal Investigator
80123c3b-3ad3-4dc4-afa4-bba9b2a00fb0,6aed9698-9a0c-4956-be0d-ec658bbfe09a,Principal Investigator
18c62370-152c-4fae-8f67-6df3543a8491,6aed9698-9a0c-4956-be0d-ec658bbfe09a,Principal Investigator
af6ccd35-879e-49c5-a7d1-b2c5b6aeb32d,e6f70fb0-caf1-4736-b583-b0777bc1390f,Principal Investigator
af6ccd35-879e-49c5-a7d1-b2c5b6aeb32d,1313519f-2074-41d6-8b79-589648e37211,Principal Investigator
7bc64ab7-833b-4039-8629-2be2032f98de,a420ffb3-2ca6-4925-a25f-baaa5228fc15,Principal Investigator
7bc64ab7-833b-4039-8629-2be2032f98de,831421c0-027f-4a25-b795-ee2fce0c8d2a,Co-Investigator
e479a7db-8568-4a13-94d9-2f35abbdf2cb,db64c222-0674-4eab-9f09-7f9ea1c483e3,Principal Investigator
e479a7db-8568-4a13-94d9-2f35abbdf2cb,831421c0-027f-4a25-b795-ee2fce0c8d2a,Co-Investigator
27fa767d-574d-442f-8940-cf35f8a8d1e9,47a94200-3abe-4354-b5e3-c8ef6f1ba1f2,Principal Investigator
41af0c4e-b311-4027-a76a-00f3ac2556f7,1313519f-2074-41d6-8b79-589648e37211,Principal Investigator
41af0c4e-b311-4027-a76a-00f3ac2556f7,831421c0-027f-4a25-b795-ee2fce0c8d2a,Principal Investigator
003a6d6c-9054-4bd9-b385-bda147487988,1313519f-2074-41d6-8b79-589648e37211,Principal Investigator
faea8981-d71e-45e2-8ed6-052110ceb865,a39b94ff-e1b6-4b96-8404-486167a9123d,Principal Investigator
faea8981-d71e-45e2-8ed6-052110ceb865,831421c0-027f-4a25-b795-ee2fce0c8d2a,Principal Investigator
dd01444b-b5d9-4671-8b76-49c1f70993e6,1313519f-2074-41d6-8b79-589648e37211,Principal Investigator
4fd8ced5-f8bd-4a2a-8d7f-f566a10fc1ad,472021c7-73cc-44ba-a4ef-70cd2bed8601,Principal Investigator
b13c33f0-dc63-455f-9726-40972e16c563,1313519f-2074-41d6-8b79-589648e37211,Principal Investigator
7e748c78-05b0-401e-ab55-72f2670a4b45,bdc2cd4a-df05-46ca-b027-b038039a58ec,Principal Investigator
7e748c78-05b0-401e-ab55-72f2670a4b45,831421c0-027f-4a25-b795-ee2fce0c8d2a,Co-Investigator
76cb5d46-afe1-495d-af7a-8ab6befa08eb,47a94200-3abe-4354-b5e3-c8ef6f1ba1f2,Principal Investigator
76cb5d46-afe1-495d-af7a-8ab6befa08eb,831421c0-027f-4a25-b795-ee2fce0c8d2a,Principal Investigator
cd1658f4-8302-49a8-9a71-d42f7168fc36,a39b94ff-e1b6-4b96-8404-486167a9123d,Principal Investigator
cd1658f4-8302-49a8-9a71-d42f7168fc36,c12518ce-b3ab-469c-81fb-e2178e6b87e3,Co-Investigator
cd1658f4-8302-49a8-9a71-d42f7168fc36,fb4b9d17-f1ec-466b-b222-caba06823edc,Co-Investigator
6579244b-f2f0-43d2-a419-cae006f71e89,1313519f-2074-41d6-8b79-589648e37211,Principal Investigator
0e9af4b1-d32c-4430-8ac0-1b76bc145672,1313519f-2074-41d6-8b79-589648e37211,Principal Investigator
a907479e-4af4-4eff-b304-6af4afbc9294,47a94200-3abe-4354-b5e3-c8ef6f1ba1f2,Principal Investigator
dfe2d0c1-43a4-4c48-a826-249843db5780,3f05e4ce-6433-4c5a-b72c-aa89422cf431,Principal Investigator
a4eefe5d-08f9-41dd-9a3d-f5f76bafc694,5f52759c-418a-41b7-bbdb-050492677284,Principal Investigator
a4eefe5d-08f9-41dd-9a3d-f5f76bafc694,831421c0-027f-4a25-b795-ee2fce0c8d2a,Co-Investigator
b4fec4cc-f92f-422a-b236-e6dab6e72eaf,472021c7-73cc-44ba-a4ef-70cd2bed8601,Principal Investigator
b4fec4cc-f92f-422a-b236-e6dab6e72eaf,53c45a58-4c3c-424c-80a2-c39e733fd7c3,Co-Investigator
b4fec4cc-f92f-422a-b236-e6dab6e72eaf,3f05e4ce-6433-4c5a-b72c-aa89422cf431,Co-Investigator
52a01177-cd06-419b-bd2e-ea8d358a7f44,831421c0-027f-4a25-b795-ee2fce0c8d2a,Principal Investigator
1dc28a98-76d2-49ed-955e-11f59c130716,ad50bed7-77fd-4c7f-819c-54455506e3f0,Principal Investigator
9ed2246a-5bd3-4fcd-95fd-2d69d4f4729f,bc7a60f7-45a0-401f-813f-6b4aa700c849,Principal Investigator
b2c524ac-7511-4809-99bc-be9ddc9444d9,472021c7-73cc-44ba-a4ef-70cd2bed8601,Principal Investigator
eb843412-29ec-4b75-b260-b32631e4bfd7,0e2c06ee-d065-4477-93e1-d5ccf2f48fec,Co-Investigator
50b2aeeb-d601-4db9-bce7-323cc0e9bd1b,2fa5dc89-7d78-45d0-96c7-e8f39b78dd3e,Principal Investigator
0af0ce4f-b2e6-4dd0-ad87-0a6d6b067572,51cfa226-5179-4a05-aa13-4a53f8de6404,Principal Investigator
80d639a7-da33-4a47-9688-f720c1cbd4e1,5ad9c220-e37f-443a-8a31-fc4abf365db5,Co-Investigator
378dcd42-6b4a-4aea-a5e1-6976fe72f5d7,d30b96a8-4f1e-44fa-9bf5-0209bedf0268,Principal Investigator
4b5236c0-5bd1-4b99-b81a-23ae945ec5ce,b752c464-c7fb-4a52-a0c3-3b2d3db5d62f,Principal Investigator
11832926-e61e-47f3-8fd8-5813ec4a6360,4d7fda5a-3cf4-4d39-9daf-1ae192b0e0e7,Principal Investigator
f106c784-f371-4ef8-8299-babd4c010f18,d30b96a8-4f1e-44fa-9bf5-0209bedf0268,Principal Investigator
f106c784-f371-4ef8-8299-babd4c010f18,9027b41a-4159-4db7-9ddd-8fc8f41f1fb3,Co-Investigator
1c4ff755-a82b-4cc6-b672-6b852fe2bc8c,5ad9c220-e37f-443a-8a31-fc4abf365db5,Co-Investigator
82e93f7b-a1dd-4319-8f99-02f2f96dc327,5ad9c220-e37f-443a-8a31-fc4abf365db5,Principal Investigator
061dd7d9-61b9-4f58-a036-47cb615f81bc,47a94200-3abe-4354-b5e3-c8ef6f1ba1f2,Principal Investigator
061dd7d9-61b9-4f58-a036-47cb615f81bc,831421c0-027f-4a25-b795-ee2fce0c8d2a,Co-Investigator
061dd7d9-61b9-4f58-a036-47cb615f81bc,e23e8096-59cb-4ef6-af48-ce9d806fd1eb,Co-Investigator
84924eba-a5e1-42b6-b18b-2f685676d71d,37d49222-56d7-4c65-8d52-3638544511cf,Principal Investigator
edfaf84b-1454-431a-b02a-2394a0a4f9d9,0e2c06ee-d065-4477-93e1-d5ccf2f48fec,Co-Investigator
1f92ae6e-8c75-4dba-8c4a-2ce17bceebda,d3b41838-e2bf-4735-b1cd-03f60b49c7e5,Co-Investigator
e1f135eb-7e63-4733-8167-57273dd80d8e,79ebe3ed-0527-4160-9af6-be0b0853b00e,Principal Investigator
314d4a39-5657-4cbf-8e60-58e8acce5419,cf5e1d64-5489-4534-ba34-8dba5fd354a6,Principal Investigator
b9a16db3-8a13-4c52-bc2f-a0eb42bfae3d,7dd48cfe-3069-4563-bef4-ef661c18387a,Principal Investigator
b9a16db3-8a13-4c52-bc2f-a0eb42bfae3d,7df5fb79-5850-4de3-8594-323f1915ff1e,Collaborator
ac16388c-b812-4435-9f7d-8e07f2179828,c40e1e8a-50ee-4a7c-b7f0-2fc0fdd62adc,Principal Investigator
7c8c52ab-580b-470e-b0b6-99524904f146,90b501a9-4d44-460b-b193-4d7d524bb21b,Principal Investigator
ad27f833-ae52-4174-8764-712393b01fb0,1313519f-2074-41d6-8b79-589648e37211,Principal Investigator
3b67b1fc-9782-406f-996d-551dedfd2f6d,79ebe3ed-0527-4160-9af6-be0b0853b00e,Principal Investigator
b3ff97c9-e965-4228-82d6-11d02c1beb1d,79ebe3ed-0527-4160-9af6-be0b0853b00e,Principal Investigator
59335505-5854-4e08-a0d0-37101343be37,f11b0cc1-ad9f-4b12-b805-65b70e5bcd65,Principal Investigator
46656e52-d2b4-4f57-b0b9-d9b3201e1c31,a39b94ff-e1b6-4b96-8404-486167a9123d,Principal Investigator
a3b4f642-b6d4-4cb6-9ea9-25e28fff5c46,472021c7-73cc-44ba-a4ef-70cd2bed8601,Principal Investigator
6a664167-2eaa-4cc9-a50a-07c11c039742,1052b289-f510-4c5a-9662-2db48c12ebc2,Principal Investigator
2fac8237-561a-4362-a9f5-9b5c67eba00a,5c50bbc9-ed3d-417f-ba4d-e484eaf536b3,Principal Investigator
634defb0-a220-4b9c-a78f-cc184037466a,1dbd1112-eb47-4406-936c-6807e8845610,Principal Investigator
1537cd78-7325-4654-b0c2-5d0969a1d5a2,5c50bbc9-ed3d-417f-ba4d-e484eaf536b3,Principal Investigator
2166f99a-dd86-417c-9900-d7d8ec9a5fce,90b501a9-4d44-460b-b193-4d7d524bb21b,Principal Investigator
10a17a19-1599-42ef-bf4a-3c4712ea29c6,c40e1e8a-50ee-4a7c-b7f0-2fc0fdd62adc,Principal Investigator
17f194cc-53d3-4cd7-95ef-13587882768e,f14f4742-c9d8-4a34-b8e2-d713c3a1f437,Principal Investigator
17f194cc-53d3-4cd7-95ef-13587882768e,0d90a829-12d8-4cbe-a2c5-0ba7e7ab4814,Principal Investigator
bb67840b-2925-4c4f-8dc7-70461c518b22,a39b94ff-e1b6-4b96-8404-486167a9123d,Principal Investigator
f7764606-bd49-458c-b2f1-c4ba99bdf3e2,f14f4742-c9d8-4a34-b8e2-d713c3a1f437,Principal Investigator
808b4113-1e7f-4fef-b1dd-fb6290801fa8,443362d7-b255-460d-a559-0fa80a8d9fbc,Principal Investigator
808b4113-1e7f-4fef-b1dd-fb6290801fa8,12698500-7fd8-4508-b86a-adafaeaf91a9,Co-Investigator
08bc731f-9eaa-4b49-be28-d23ca221ba6d,9cf737ee-bd9a-4f7e-b865-b6ff6ed01fde,Principal Investigator
08bc731f-9eaa-4b49-be28-d23ca221ba6d,28ea45c1-7b56-4157-b0e4-ab92947065bc,Collaborator
dc733cc9-d349-4d71-a766-e33e27e63bbc,0ee7ba1e-3108-4db3-a908-97977980d032,Co-Investigator
dc733cc9-d349-4d71-a766-e33e27e63bbc,54e42219-4e3f-42cd-a19d-66c82ee60654,Principal Investigator
dc733cc9-d349-4d71-a766-e33e27e63bbc,585fb82c-8795-458d-bfd7-35e8a9be6125,Collaborator
fbedcc2a-4be9-4d0c-835e-b2ce1ab7a194,c649bf10-5588-4d10-8c7c-471874cf98f9,Principal Investigator
20a8720a-ab29-4536-a64b-2d33d851280d,0ee7ba1e-3108-4db3-a908-97977980d032,Principal Investigator
20a8720a-ab29-4536-a64b-2d33d851280d,37d49222-56d7-4c65-8d52-3638544511cf,Collaborator
20a8720a-ab29-4536-a64b-2d33d851280d,d30b96a8-4f1e-44fa-9bf5-0209bedf0268,Collaborator
20a8720a-ab29-4536-a64b-2d33d851280d,a39b94ff-e1b6-4b96-8404-486167a9123d,Collaborator
8523d2b6-9ed3-452f-ac63-c53040a8206c,5ad9c220-e37f-443a-8a31-fc4abf365db5,Co-Investigator
43106ed5-9644-4abe-adc0-b34250500c12,0ee7ba1e-3108-4db3-a908-97977980d032,Principal Investigator
c70d384c-1d6c-43ea-aa04-de9e4e6ef791,9114ff72-bd52-4bd3-b5a1-bbe1412e98f3,Principal Investigator
280afd1e-3c33-4e51-83bf-735cd069b940,2ee8e2e0-7fe6-4b8c-a104-509c46e7b45b,Principal Investigator
3b8ce2ea-b68a-4ae4-bf69-6ed08940fa57,f2a38db0-49a6-4252-af15-8586639f1b6e,Principal Investigator
9e98baef-2889-400b-b93c-6ca1b9303acb,63342b24-28ec-40c5-a7d9-ec49867dc75d,Principal Investigator
9e98baef-2889-400b-b93c-6ca1b9303acb,ac400e55-5188-4efd-872a-12df089e7068,Collaborator
aba699a7-4f2f-4114-9f09-2036a5bb05b7,6ec63914-1f4e-4708-8830-1b054c2ee03a,Principal Investigator
aba699a7-4f2f-4114-9f09-2036a5bb05b7,6c543b1d-8137-489d-b444-d17921fc9de9,Collaborator
d6b098cb-fc16-42da-8c7b-90e51971343e,dda395cd-41ec-469e-a3e9-b1c024bbb1a7,Principal Investigator
efa59359-9c40-4650-8102-90a1abaf9744,e175684d-abc3-4ee4-9a12-af6c611e47c0,Co-Investigator
efa59359-9c40-4650-8102-90a1abaf9744,47a94200-3abe-4354-b5e3-c8ef6f1ba1f2,Principal Investigator
b6c2beaf-7b50-4046-8ce8-fb83130ec7fe,9027b41a-4159-4db7-9ddd-8fc8f41f1fb3,Principal Investigator
eab28385-3ed9-4610-a9ef-63985ee7a645,1c4bfd79-4336-4b17-a672-9acb465f15c0,Principal Investigator
eab28385-3ed9-4610-a9ef-63985ee7a645,ea2d2480-46fb-493d-8dd4-6f054f58098a,Co-Investigator
eab28385-3ed9-4610-a9ef-63985ee7a645,757f57fc-f02b-41ac-8b45-d6b0b1392982,Co-Investigator
eab28385-3ed9-4610-a9ef-63985ee7a645,2e2035fa-0cfb-4dbf-9d37-51dc029fcfa0,Collaborator
e50cfe20-8938-4356-9283-7512333745f6,13f2be7b-37ab-4ab3-b5c3-90d54e1515dc,Principal Investigator
e50cfe20-8938-4356-9283-7512333745f6,32e3f75a-df69-476b-92f9-19a464e46e30,Collaborator
ed296174-b109-491c-a0c5-1acf38e8c907,f240d002-893f-45bd-b9ad-6a6ddc015e40,Principal Investigator
f828d2cf-26df-46d7-a309-2dba5e76af24,d6d93566-d546-42a8-8864-766098389589,Principal Investigator
3626f7c0-d0fa-4cb7-bd88-24e3ee844029,2b8ff3a4-e9b0-403d-8bd8-1bf26121c234,Principal Investigator
3626f7c0-d0fa-4cb7-bd88-24e3ee844029,9ccc3d10-9e1d-4947-bd62-5d789604477e,Collaborator
f5e89f2d-9afd-4ce5-af82-7fb0a58b6e07,63342b24-28ec-40c5-a7d9-ec49867dc75d,Principal Investigator
e5c8d972-7458-4f2b-aa1e-c7439bfd3aa0,f14f4742-c9d8-4a34-b8e2-d713c3a1f437,Principal Investigator
71dd413e-6f9d-4c36-891a-9626135d3718,09ec1bda-4550-4a83-8480-fe742d77e882,Principal Investigator
ad7197b5-c8d8-48a1-abbc-457f167eab24,5c50bbc9-ed3d-417f-ba4d-e484eaf536b3,Principal Investigator
8e1c40af-d9f7-43a2-8ddc-a946d2d5195d,09ec1bda-4550-4a83-8480-fe742d77e882,Principal Investigator
d661f198-6385-453c-ba38-b52887d2ea9e,09ec1bda-4550-4a83-8480-fe742d77e882,Principal Investigator
8ad1cfa5-08f9-41fc-8558-94209afce88a,b611f406-3531-4b9a-a511-831d28cf62ef,Principal Investigator
9da07efd-9f25-4227-8994-e385cfc0861e,7016a7a0-c187-4a62-baef-0780150912d1,Principal Investigator
9da07efd-9f25-4227-8994-e385cfc0861e,2a9c0934-98ca-4101-b829-b88d77f6487e,Co-Investigator
e49f3265-032f-43bd-b627-83a5ffc0544a,7d122c0d-2d26-473c-a009-6eb58b898928,Principal Investigator
1b488dd3-466a-4eef-a9ce-74ccca2cb4d9,605b59ab-91b4-4f8e-bb12-df68ce0491c5,Principal Investigator
1b488dd3-466a-4eef-a9ce-74ccca2cb4d9,0284519c-3320-48a2-8b0d-b4ae9351a403,Co-Investigator
1b488dd3-466a-4eef-a9ce-74ccca2cb4d9,f2136570-f73c-446f-9fb0-6d9e461e2124,Co-Investigator
1b488dd3-466a-4eef-a9ce-74ccca2cb4d9,37159d2f-8b61-4746-a65c-d7c9d7080457,Collaborator
580afbb8-9d13-4251-975c-f336e4f57a94,2a9c0934-98ca-4101-b829-b88d77f6487e,Principal Investigator
b7b111ff-8b8b-433a-b476-c8ddc9ef874a,82f8ffa4-b7d6-490d-b3b4-2c68b79cd77a,Co-Investigator
3bb84384-51de-4ad8-969e-8e4ed58c7fd8,82f8ffa4-b7d6-490d-b3b4-2c68b79cd77a,Co-Investigator
61c7d172-89a8-4925-9dad-3fa983375a00,82f8ffa4-b7d6-490d-b3b4-2c68b79cd77a,Co-Investigator
3da6905f-6735-4fa3-8923-5e0d4352cc46,82f8ffa4-b7d6-490d-b3b4-2c68b79cd77a,Principal Investigator
daf3efec-d318-4066-9e9f-6c4599fcd560,ab7600cd-0bd2-4d86-9def-2c6fd1ade1c5,Principal Investigator
bd6a8c04-9308-487b-8323-4b72896ec674,ab7600cd-0bd2-4d86-9def-2c6fd1ade1c5,Principal Investigator
bd6a8c04-9308-487b-8323-4b72896ec674,4277f6ec-bfbb-4bef-bed8-2a3420be1d6e,Collaborator
bd6a8c04-9308-487b-8323-4b72896ec674,50d4bf89-8621-4bc3-bdce-6916656c12fa,Collaborator
c0c821bf-a85a-404b-86a3-12b0f62c20bb,1052b289-f510-4c5a-9662-2db48c12ebc2,Principal Investigator
c0c821bf-a85a-404b-86a3-12b0f62c20bb,8949ca8c-746d-4a53-b816-ec9ebf06764c,Collaborator
65ec71df-6be0-473d-85c7-98375b4c309a,551ffa9b-93c0-41e7-999a-a507a1c0a57e,Principal Investigator
a1c0356b-18a3-408b-b847-4819a3633756,c40e1e8a-50ee-4a7c-b7f0-2fc0fdd62adc,Principal Investigator
a1c0356b-18a3-408b-b847-4819a3633756,4d7fda5a-3cf4-4d39-9daf-1ae192b0e0e7,Co-Investigator
b0543225-f5d9-47e8-98e0-bd5da3e0fa4a,831421c0-027f-4a25-b795-ee2fce0c8d2a,Principal Investigator
b0543225-f5d9-47e8-98e0-bd5da3e0fa4a,ce1a5350-f645-4a53-a745-fca8d4f1f030,Co-Investigator
b0543225-f5d9-47e8-98e0-bd5da3e0fa4a,1dbd1112-eb47-4406-936c-6807e8845610,Co-Investigator
b0543225-f5d9-47e8-98e0-bd5da3e0fa4a,0c4bb244-feb1-49f6-b658-ba79b505f679,Collaborator
d6a7f667-d9cc-4184-a5b9-9a412c7ef8d0,9504265d-0046-4e58-b529-256a656c012d,Principal Investigator
d6a7f667-d9cc-4184-a5b9-9a412c7ef8d0,205ca5ca-da30-4a46-9be9-d66453621ba5,Collaborator
1395e452-c10b-4f53-ad5e-0dbb33a231ce,a39b94ff-e1b6-4b96-8404-486167a9123d,Principal Investigator
1395e452-c10b-4f53-ad5e-0dbb33a231ce,fb4b9d17-f1ec-466b-b222-caba06823edc,Co-Investigator
0752b3f2-255c-479d-9c43-1f5d5a3104b9,22ec9269-2fff-4dbf-a9c7-5037559a15ee,Principal Investigator
8c606f0d-64c7-4fde-9a63-e6c9efbcd13c,523ffd96-f3b2-49cc-8f24-dc9215b84bed,Principal Investigator
85b6aad6-1170-4acc-9a63-f74283faf636,4d7fda5a-3cf4-4d39-9daf-1ae192b0e0e7,Principal Investigator
85b6aad6-1170-4acc-9a63-f74283faf636,fa03d816-cd99-4fea-b45b-efe7ecd3cb0a,Collaborator
df3b966a-5097-48e1-81f4-7b93f29c28a0,9504265d-0046-4e58-b529-256a656c012d,Principal Investigator
787ce79c-5324-4044-8e7d-b6bca414864b,7dd2f4fa-dd14-4676-8f1a-f719f213f64f,Principal Investigator
530dde04-84c4-4863-85be-7acb6e95b13d,cf5e1d64-5489-4534-ba34-8dba5fd354a6,Principal Investigator
8c230088-e35e-4a7b-b380-1ce096fd0ede,90b501a9-4d44-460b-b193-4d7d524bb21b,Principal Investigator
3c43d443-57c9-4d0a-bcd0-3d0c856ce010,ab7600cd-0bd2-4d86-9def-2c6fd1ade1c5,Principal Investigator
fa242ab9-c4c2-4ed6-9e8b-af2b8be6bef1,5c50bbc9-ed3d-417f-ba4d-e484eaf536b3,Principal Investigator
c21ca81d-1a5a-464b-b8be-f17c595fc87d,6ec63914-1f4e-4708-8830-1b054c2ee03a,Principal Investigator
c21ca81d-1a5a-464b-b8be-f17c595fc87d,cf08dfab-d4e2-4073-b88e-2d305a0e47f3,Collaborator
ab057d1f-e994-44ff-9f43-8bf2e07d66b2,c40e1e8a-50ee-4a7c-b7f0-2fc0fdd62adc,Principal Investigator
ab057d1f-e994-44ff-9f43-8bf2e07d66b2,06b69b03-fa50-410d-a8e5-fd3da1876353,Collaborator
fc494832-7cdb-4ddd-b576-f464434f2ed0,879e7ac4-e64c-4c5f-9591-421e56cd0678,Principal Investigator
fc494832-7cdb-4ddd-b576-f464434f2ed0,1bec39ff-1d28-4f9f-a03c-f6a59a80261c,Collaborator
f352be40-0948-4ba3-8ee0-d41a89295965,c40e1e8a-50ee-4a7c-b7f0-2fc0fdd62adc,Principal Investigator
c0f83230-1cd4-4d68-bd34-43f6f0fc71fb,a39b94ff-e1b6-4b96-8404-486167a9123d,Principal Investigator
c0f83230-1cd4-4d68-bd34-43f6f0fc71fb,d05daa00-c3d6-4a89-ba14-cfd1847fb0cc,Co-Investigator
c0f83230-1cd4-4d68-bd34-43f6f0fc71fb,fb4b9d17-f1ec-466b-b222-caba06823edc,Co-Investigator
c0f83230-1cd4-4d68-bd34-43f6f0fc71fb,9cf737ee-bd9a-4f7e-b865-b6ff6ed01fde,Co-Investigator
2c5def6b-8c33-4364-bc74-aa8f73ecfcca,fb4b9d17-f1ec-466b-b222-caba06823edc,Principal Investigator
2c5def6b-8c33-4364-bc74-aa8f73ecfcca,a39b94ff-e1b6-4b96-8404-486167a9123d,Co-Investigator
b9094b7e-3942-470e-b7c5-618fca805337,ab7600cd-0bd2-4d86-9def-2c6fd1ade1c5,Principal Investigator
771225ad-7309-4703-9dab-80cb43e466d7,2a9c0934-98ca-4101-b829-b88d77f6487e,Principal Investigator
771225ad-7309-4703-9dab-80cb43e466d7,7dd48cfe-3069-4563-bef4-ef661c18387a,Collaborator
55fa7fcb-d0d1-4b95-96e2-0d2909e0d468,db64c222-0674-4eab-9f09-7f9ea1c483e3,Principal Investigator
10e9f2c0-6975-4f59-850c-d3ea25ac210e,410df04c-bc1d-4cd3-9726-c35469ddab8c,Principal Investigator
4987b885-b7be-40e1-bdee-3a740cab8d39,e383647f-00d3-41b1-ad95-ff69bdfffb42,Principal Investigator
4987b885-b7be-40e1-bdee-3a740cab8d39,ad50bed7-77fd-4c7f-819c-54455506e3f0,Co-Investigator
4987b885-b7be-40e1-bdee-3a740cab8d39,1ee9fda3-cb4e-4c06-82b1-7e248c20a700,Collaborator
61c6628b-50f5-466b-9545-56d46bff3037,5c50bbc9-ed3d-417f-ba4d-e484eaf536b3,Principal Investigator
3d443f2e-0a0d-4bc8-ac4c-b86e60c95ad9,363f336f-ee57-420f-990f-11e8c2f0e2c6,Principal Investigator
3d443f2e-0a0d-4bc8-ac4c-b86e60c95ad9,1abda59f-c493-4824-a7b1-7470d66f08d1,Collaborator
3d443f2e-0a0d-4bc8-ac4c-b86e60c95ad9,c40e1e8a-50ee-4a7c-b7f0-2fc0fdd62adc,Collaborator
882f49ce-4251-4c2d-bafc-870dd56b752b,f11b0cc1-ad9f-4b12-b805-65b70e5bcd65,Principal Investigator
e9c91f24-e3ab-41a7-bdce-ac3685bd3f46,e9d14210-bc71-4824-b7cf-fd1448d022ab,Principal Investigator
e9c91f24-e3ab-41a7-bdce-ac3685bd3f46,c90e23c6-5bf4-4d6f-97d8-b162b8a5b03e,Co-Investigator
e9c91f24-e3ab-41a7-bdce-ac3685bd3f46,d37cba38-dff2-4c27-a515-226cfadfd849,Co-Investigator
e9c91f24-e3ab-41a7-bdce-ac3685bd3f46,0cc78e11-da3d-4687-a49a-76a2ba39c292,Co-Investigator
e9c91f24-e3ab-41a7-bdce-ac3685bd3f46,06d038a4-f659-4c53-8a6d-58e295ab603f,Co-Investigator
e9c91f24-e3ab-41a7-bdce-ac3685bd3f46,5041f387-908f-4845-9f79-3a6dbd527f4b,Co-Investigator
8aa9cd8c-7911-45bb-94dc-9823abd43124,9504265d-0046-4e58-b529-256a656c012d,Principal Investigator
ea1075d9-a0d8-49d8-9ef5-e8c50b337476,f11b0cc1-ad9f-4b12-b805-65b70e5bcd65,Co-Investigator
64545b54-0218-4ab4-9ea0-2a5787306f42,6826c79c-8024-4f3c-bebf-f07d51e8988b,Principal Investigator
c09eb3aa-666d-4c67-b2cf-416cef7731b6,24475f7d-905a-47cf-89d9-059581d0a7a1,Principal Investigator
cf1c30c4-cf34-4174-8b8c-12870794855a,17d5f65c-93c4-4160-be62-e6fd9260e305,Principal Investigator
dfcca874-928e-4968-b19e-4374435a1ea0,2ef641d0-bd79-425b-8b12-b58d74b993ae,Principal Investigator
08508b88-3d4e-490b-8832-9a4fd56f189c,90b501a9-4d44-460b-b193-4d7d524bb21b,Principal Investigator
75542847-edd8-49a5-a60c-c3b2a4f4610e,1ee9fda3-cb4e-4c06-82b1-7e248c20a700,Principal Investigator
19d06348-ad95-4065-ad4b-8e6094c74491,06d038a4-f659-4c53-8a6d-58e295ab603f,Principal Investigator
19d06348-ad95-4065-ad4b-8e6094c74491,f11b0cc1-ad9f-4b12-b805-65b70e5bcd65,Collaborator
b774d6b9-79b1-40f6-9121-74cc50c59810,410b0cad-d9fe-48d8-9edc-56ad6eb9c43b,Principal Investigator
e17718bb-2366-45bd-9490-b513db3e77d7,8e5f2a6c-c817-4a90-b48b-d9171743ad0f,Principal Investigator
bdc5f880-0b1d-43f8-b7de-416751a1c29a,3f05e4ce-6433-4c5a-b72c-aa89422cf431,Principal Investigator
e6a60a90-94ef-48c7-9e42-9d768b477430,54728da8-274d-40e6-b119-23318d995721,Principal Investigator
e6a60a90-94ef-48c7-9e42-9d768b477430,4e33d926-364b-47b8-97d7-409c16b62db9,Co-Investigator
292137c0-8a9c-4635-9e86-22bef58b6fcb,8bd9b364-d90f-486f-9965-84cd3dc63ca3,Principal Investigator
4e71f778-5873-4ed5-9b4e-8001c56dc41c,f6921641-1f0a-4e24-a3a9-546e3927ab72,Principal Investigator
4ed18205-b99f-4e8f-b2ae-640fbac5c532,1b45e3f5-b8cd-4c0d-a444-2901304f76ee,Principal Investigator
e090436a-d438-495a-ab4c-517eb0519431,db64c222-0674-4eab-9f09-7f9ea1c483e3,Principal Investigator
04901e3f-f20c-4593-9cf2-a6aed2006f50,410b0cad-d9fe-48d8-9edc-56ad6eb9c43b,Principal Investigator
fe5d08b6-87b8-4b95-8be8-7878d1f282af,a39b94ff-e1b6-4b96-8404-486167a9123d,Principal Investigator
25fb9c43-f96e-48f6-adbd-d69e5fad3908,09ec1bda-4550-4a83-8480-fe742d77e882,Principal Investigator
c2fb3aec-c5ad-496d-8f84-800848b7dc4d,6ec63914-1f4e-4708-8830-1b054c2ee03a,Collaborator
55f36ece-4ed4-4df3-bc1b-9e31be37bb2c,6aed9698-9a0c-4956-be0d-ec658bbfe09a,Principal Investigator