projectUUID,paperUUID
fdb81bd5-74a4-45dd-9e7f-31d7a53fedd4,9fa5c68d-a110-4264-a02b-b2e2ff58d321
fdb81bd5-74a4-45dd-9e7f-31d7a53fedd4,af6967f5-a384-4924-b098-2bfd3d65b041
fdb81bd5-74a4-45dd-9e7f-31d7a53fedd4,09657657-cd30-49d1-9c37-12baca423a50
fdb81bd5-74a4-45dd-9e7f-31d7a53fedd4,63ffc7b1-a4fc-4af9-8af7-ad2cc949461a
fdb81bd5-74a4-45dd-9e7f-31d7a53fedd4,a1930333-a08c-49a6-8d10-daf061ff7d93
43e52d24-2010-4aeb-b453-c33971dc382a,c2f8832f-a91d-4d87-aa50-9d6703c51a27
8d371dc6-a3eb-43ec-93b0-116764f1db22,f01eccef-eb8b-4a7b-8881-806388fd9c12
8d371dc6-a3eb-43ec-93b0-116764f1db22,96bcd5b9-5027-4654-9851-48b210bbdf9c
8d371dc6-a3eb-43ec-93b0-116764f1db22,58836777-0286-4c2d-b352-b1087c8d8c6f
0694dccc-b954-4680-8d26-6c8d53685d29,be5cb4cb-0b23-41bf-b9e0-9aff426c0684
0694dccc-b954-4680-8d26-6c8d53685d29,34245b8a-f42a-423d-adfc-5d96a320b352
0694dccc-b954-4680-8d26-6c8d53685d29,9fd8eaf7-ad97-44f5-a00a-e7e7732c8c3d
0694dccc-b954-4680-8d26-6c8d53685d29,e98f01c7-2e55-455c-9f3d-6196bd05dacd
0694dccc-b954-4680-8d26-6c8d53685d29,587d6dd6-aea8-4099-a2f7-100d373d7881
0694dccc-b954-4680-8d26-6c8d53685d29,7074a16e-eee3-4328-819a-f8c06dd8c603
0694dccc-b954-4680-8d26-6c8d53685d29,16595bc3-aaa9-44c2-afef-b50d5a339f44
0694dccc-b954-4680-8d26-6c8d53685d29,396f7175-03d2-4889-bb82-20b544970e77
0694dccc-b954-4680-8d26-6c8d53685d29,b93735f9-6ca5-4eeb-8c08-4ad4959f9b25
0694dccc-b954-4680-8d26-6c8d53685d29,5c9da3b9-6b3e-4de2-acdd-51a04c19b34d
0694dccc-b954-4680-8d26-6c8d53685d29,0b779f6b-e734-42cd-83c4-332354f60b83
55453a09-dd3c-4254-b50c-1d6e0d281dff,6ef08ac6-df19-4e67-82ba-7954a4e87070
55453a09-dd3c-4254-b50c-1d6e0d281dff,ad2099fd-feb0-47a0-94eb-bba6ed2d85a8
55453a09-dd3c-4254-b50c-1d6e0d281dff,4b010bb6-18f8-4cd4-a2f8-7f4c37444cfc
55453a09-dd3c-4254-b50c-1d6e0d281dff,4bfe2952-8f5d-4536-a9c9-f5fb93d3749b
55453a09-dd3c-4254-b50c-1d6e0d281dff,dcceaf9e-7806-487b-ac13-ff6e7ace4c02
55453a09-dd3c-4254-b50c-1d6e0d281dff,70ae84be-c9f8-4d55-84f5-b928ca67bf36
55453a09-dd3c-4254-b50c-1d6e0d281dff,a1a7a4b7-d555-4de8-9aaa-31d2c799af0b
55453a09-dd3c-4254-b50c-1d6e0d281dff,2fa34274-5eaf-4078-86d5-8c8084850e68
55453a09-dd3c-4254-b50c-1d6e0d281dff,347cc593-5e8f-4b6b-bee0-7212c9fe3711
55453a09-dd3c-4254-b50c-1d6e0d281dff,e7666e93-408d-416f-8be9-48c54962f45b
55453a09-dd3c-4254-b50c-1d6e0d281dff,43ea1ce3-6d90-418d-a63f-97a7cf60efaa
55453a09-dd3c-4254-b50c-1d6e0d281dff,152e003f-a6e4-4b9a-8f41-0c2d4c1c60c9
55453a09-dd3c-4254-b50c-1d6e0d281dff,572706da-ddff-4c49-8635-2d25b794d0fc
55453a09-dd3c-4254-b50c-1d6e0d281dff,e1d355a9-e451-44d1-a02b-98f0ebb7097b
8097c0e5-c30a-430a-9106-e48815dc802e,ea56a904-9431-413b-b2bb-9ac0f92a1306
8097c0e5-c30a-430a-9106-e48815dc802e,7da3a0ec-6567-4341-9d4b-2238717c4288
8097c0e5-c30a-430a-9106-e48815dc802e,c5e902bf-f53a-4e07-8198-97bc86fe4e3e
8097c0e5-c30a-430a-9106-e48815dc802e,29597394-8215-44c8-a76b-c58b6902b51e
8097c0e5-c30a-430a-9106-e48815dc802e,83011a41-6d31-4523-b378-3977ba8e15a8
8097c0e5-c30a-430a-9106-e48815dc802e,049a56f4-ad4e-408b-8e01-a2d3b1f11a71
8097c0e5-c30a-430a-9106-e48815dc802e,80b915d7-9866-4b75-882d-a284883f45c2
8097c0e5-c30a-430a-9106-e48815dc802e,640af6b2-7074-424b-a149-a4a098ac1816
8097c0e5-c30a-430a-9106-e48815dc802e,e3b6e6e4-177e-4c43-9756-5b375c047349
8097c0e5-c30a-430a-9106-e48815dc802e,ee02ccc5-b204-4dd6-b14a-15a7ef52a573
8097c0e5-c30a-430a-9106-e48815dc802e,62d2db53-4f10-487a-8eb3-c71fbe4120fd
8097c0e5-c30a-430a-9106-e48815dc802e,d02f4f0b-482a-4ea1-9eb6-75f6019522a1
8097c0e5-c30a-430a-9106-e48815dc802e,815e203f-acf0-4011-b9bd-edaa57894454
8097c0e5-c30a-430a-9106-e48815dc802e,f2378590-31b8-4e37-bf79-0c480fc8a37e
8097c0e5-c30a-430a-9106-e48815dc802e,39d8f327-da65-4392-b2c8-6c1a4a43836a
8097c0e5-c30a-430a-9106-e48815dc802e,f3d698f9-be84-41b9-b890-2783d9f81a49
8097c0e5-c30a-430a-9106-e48815dc802e,04993252-c607-4f21-8344-ddabf1181374
8097c0e5-c30a-430a-9106-e48815dc802e,79acacd1-5d89-4471-8e7b-8e25aa1fdbc7
8097c0e5-c30a-430a-9106-e48815dc802e,7d770339-59c7-4419-a11f-18671824b4f6
8097c0e5-c30a-430a-9106-e48815dc802e,d106340e-49af-41a6-97c7-bca4dbe1f737
8097c0e5-c30a-430a-9106-e48815dc802e,ddee9801-e0c9-4bb2-9161-4ac711459ace
8097c0e5-c30a-430a-9106-e48815dc802e,e22c64bb-58be-4aeb-9d45-a5219ecd8fc9
8097c0e5-c30a-430a-9106-e48815dc802e,4e493c24-3dbd-4c94-8c79-00523f707fd2
8097c0e5-c30a-430a-9106-e48815dc802e,fb367daf-a9e6-4d7e-8ce0-a19e89dfc112
8097c0e5-c30a-430a-9106-e48815dc802e,8fe6adab-977e-443f-8dc3-1dded8d65d68
8097c0e5-c30a-430a-9106-e48815dc802e,efde070e-3bcf-47df-b3c9-6f4f6ced7553
8097c0e5-c30a-430a-9106-e48815dc802e,cc612e35-0d33-437c-b245-62d56ff35822
ebbc254e-67ff-46a8-b14c-b70b4305141b,fdee5500-1a4b-4406-9d18-dadef0bbdb45
55316e4c-736b-48df-9898-7e1887bb2486,51cd0968-7b30-4b50-b2ee-1da5f4ba889f
a42b0888-e444-4dd2-93c6-a157b92a7770,fcc5c284-521a-424a-9657-c7addfd4d6de
a42b0888-e444-4dd2-93c6-a157b92a7770,93e2935d-9e21-42b2-9d61-e68c3059cf4b
820953a2-9085-49f5-84eb-2b7b90f26f74,9c1fa042-71db-4399-a09b-3867987104a3
820953a2-9085-49f5-84eb-2b7b90f26f74,7ae07286-7b19-4d2f-ab53-b1dcc5855410
820953a2-9085-49f5-84eb-2b7b90f26f74,d9abdfd9-9935-4053-a01e-086170969839
820953a2-9085-49f5-84eb-2b7b90f26f74,4be1b628-1e32-4f2b-97b1-288b9f9a6f59
820953a2-9085-49f5-84eb-2b7b90f26f74,35a9addf-75f0-40d3-aab1-4d3f23e265a1
820953a2-9085-49f5-84eb-2b7b90f26f74,ec9f5179-1b6b-45db-b7b9-fcc40bae4bdd
612922b8-de39-4ff6-80c5-dbfe46873ce0,37527a71-ecd2-43a7-87b9-f0bafaf1cbd7
612922b8-de39-4ff6-80c5-dbfe46873ce0,627693fa-09c3-43d4-b6e6-5fbbb44133fb
612922b8-de39-4ff6-80c5-dbfe46873ce0,8c6af230-a98e-4596-accd-38321feb2897
612922b8-de39-4ff6-80c5-dbfe46873ce0,eae563b2-73fb-46f3-a2b2-1944d8b9eb87
612922b8-de39-4ff6-80c5-dbfe46873ce0,4ce6be8a-136b-473c-a9c0-42213bf98de8
627db78d-dc0c-4fa3-879d-b5b4aef2867f,b2083407-6f09-48cf-9111-770ab4dc2989
627db78d-dc0c-4fa3-879d-b5b4aef2867f,e12b68e9-0f86-4eb2-b756-d04c028ce72b
94132b8e-3a13-439c-beae-73eaa2bfc6c2,5b558fc5-3708-4e71-bb49-6eb75350ae21
94132b8e-3a13-439c-beae-73eaa2bfc6c2,3ce2dabe-3778-4acd-886b-20ec0635a55f
94132b8e-3a13-439c-beae-73eaa2bfc6c2,2578e461-95bf-454a-8a48-6007eace3384
94132b8e-3a13-439c-beae-73eaa2bfc6c2,4ee19b4e-e624-45af-921d-017a368103f8
94132b8e-3a13-439c-beae-73eaa2bfc6c2,54429aa0-03f6-486e-ab6c-6760d3077ff9
415160df-572d-4afb-b812-19ec0f6af6e1,3756a5c3-63dd-4252-99ce-4e980cd57fa3
415160df-572d-4afb-b812-19ec0f6af6e1,a01f3f56-e930-4cf0-a513-c62be32d1f12
415160df-572d-4afb-b812-19ec0f6af6e1,0f0351c0-cec6-45e6-af38-5af007e19af6
415160df-572d-4afb-b812-19ec0f6af6e1,0f3aa234-a171-4e6a-a1fc-fe52f3466594
415160df-572d-4afb-b812-19ec0f6af6e1,46a3b5b0-47e6-47df-9f39-5f96f5ebae8f
415160df-572d-4afb-b812-19ec0f6af6e1,de3b040e-68d2-46a4-ab47-b9c0cf154c71
415160df-572d-4afb-b812-19ec0f6af6e1,65f794e7-343c-48e7-be58-cbbf671553d7
415160df-572d-4afb-b812-19ec0f6af6e1,8c8ee11d-5152-4192-b0f4-10e8dc651c1e
415160df-572d-4afb-b812-19ec0f6af6e1,55255bcf-54c1-4a88-8272-ec1e5c285417
415160df-572d-4afb-b812-19ec0f6af6e1,1aa3c086-dcfb-4aac-b71d-ef5ed4c2196f
415160df-572d-4afb-b812-19ec0f6af6e1,c72b2271-9d31-4b7f-817f-014e2781bade
415160df-572d-4afb-b812-19ec0f6af6e1,d10ec2b7-6918-452b-b842-5d29e36dd038
415160df-572d-4afb-b812-19ec0f6af6e1,f51f0ebf-1f8d-49e5-887e-bd1b49e41ac1
415160df-572d-4afb-b812-19ec0f6af6e1,9852f71e-78e2-4e0c-a959-094cf4fee3af
51ac42a5-e884-400e-92a7-6f200f189499,bd3bccf6-ba3c-45e7-8802-0bee6dc07778
51ac42a5-e884-400e-92a7-6f200f189499,583fca1a-fd86-47fb-9e53-decd4c1bc0bc
51ac42a5-e884-400e-92a7-6f200f189499,a1a7a4b7-d555-4de8-9aaa-31d2c799af0b
51ac42a5-e884-400e-92a7-6f200f189499,dcceaf9e-7806-487b-ac13-ff6e7ace4c02
eca259ab-ea40-4758-bbb5-6533b2c39916,febc05e2-fc33-410f-bd09-7527cce0b3fc
cfcf30c3-2e6c-4854-85a9-2504572752a5,ebd0708f-d5d8-4ef1-ac47-0df838324738
cfcf30c3-2e6c-4854-85a9-2504572752a5,37d75436-9f08-4e65-bfb1-ab3d8ea32e3d
cfcf30c3-2e6c-4854-85a9-2504572752a5,ced2b5ce-3836-47eb-b0fb-89d452ce45fc
cfcf30c3-2e6c-4854-85a9-2504572752a5,e8e415cc-f05a-497b-bc43-b45ccb944ad3
cfcf30c3-2e6c-4854-85a9-2504572752a5,60082439-f1fe-48cb-8caf-aa4347c309ed
cfcf30c3-2e6c-4854-85a9-2504572752a5,36c25332-0335-4fb6-a3fb-cd41342f1494
070091f2-5713-48cd-9633-e3918315931f,dcb151f0-0000-4674-ac3e-173d205a1868
070091f2-5713-48cd-9633-e3918315931f,dbca1cc3-adfe-41ee-9791-f3802df5fa65
070091f2-5713-48cd-9633-e3918315931f,88fa6eb7-3264-4196-9f8a-24b5ca12c9a5
070091f2-5713-48cd-9633-e3918315931f,08272fc0-7aaa-4e23-a85e-97ccb54da01d
070091f2-5713-48cd-9633-e3918315931f,626e19fd-e2ed-4ffb-8dbb-5bd557e73dc9
070091f2-5713-48cd-9633-e3918315931f,158e9d64-a1fc-47f7-bb08-ee6bce3b216e
070091f2-5713-48cd-9633-e3918315931f,5fc2868c-326f-498a-ae8f-69cdab50b150
070091f2-5713-48cd-9633-e3918315931f,61a083fc-3fba-4746-91c7-dabd56178a1f
070091f2-5713-48cd-9633-e3918315931f,ec2f9dfe-703d-4672-99dc-9213a49b9fc0
070091f2-5713-48cd-9633-e3918315931f,9c8bed11-838d-43ac-977d-980f80ff2963
070091f2-5713-48cd-9633-e3918315931f,09edf10e-7da6-47ae-8ea4-12cd0ebcbe57
070091f2-5713-48cd-9633-e3918315931f,9ac6729a-c0b1-4aee-b3cb-0d3ed0a4bb99
070091f2-5713-48cd-9633-e3918315931f,27d7260f-c6fb-40c7-bc22-72132c2c323d
1f0930fb-e0c4-4f6f-a76e-8c918d86fd0b,01e23861-a083-467a-8a0b-ab6c9a916a63
1f0930fb-e0c4-4f6f-a76e-8c918d86fd0b,9203c9c1-cd56-4c0c-b59e-c423ebea1c9e
1f0930fb-e0c4-4f6f-a76e-8c918d86fd0b,a5d27be4-c8ae-4127-8fbe-c881b00d3122
1f0930fb-e0c4-4f6f-a76e-8c918d86fd0b,fbcaaa08-d157-4c06-bb3d-41c5983d6e4f
1f0930fb-e0c4-4f6f-a76e-8c918d86fd0b,a9ca66bc-e7c8-4538-ac15-baa7fa87fd5b
0cd95d03-f132-4f54-9f5a-6da55336125a,e0dfef62-5cda-41d2-9d73-da20477394b7
2ff25b7f-6d17-43d1-9f32-55982346437c,80a2dcdf-da66-4adc-aadd-10e5fae23707
f6d20d05-9881-45a8-b3dc-7625585ee4c9,969c8155-92b8-4e3a-ac8e-8176caa017b1
f6d20d05-9881-45a8-b3dc-7625585ee4c9,e578bba7-7c5f-46c1-846e-19efb9788c76
f6d20d05-9881-45a8-b3dc-7625585ee4c9,ec41b0a4-cf00-4c44-963c-a581897aebc8
f6d20d05-9881-45a8-b3dc-7625585ee4c9,8c240b23-c89c-47dc-9608-0bf462bb49b2
f6d20d05-9881-45a8-b3dc-7625585ee4c9,eacbd5ca-09d5-4087-8c8b-e4b0b7596088
f6d20d05-9881-45a8-b3dc-7625585ee4c9,7235f03d-b8c2-4fed-8977-c0f1d2e574bc
f6d20d05-9881-45a8-b3dc-7625585ee4c9,6324b5cd-d022-4bdc-a7bf-99500cf7d4b0
f6d20d05-9881-45a8-b3dc-7625585ee4c9,a1de9e31-5cef-4ed0-87f4-72db241a8e49
f6d20d05-9881-45a8-b3dc-7625585ee4c9,767652ad-b1d4-4c0c-b0fb-d61040ef1210
f6d20d05-9881-45a8-b3dc-7625585ee4c9,97e51590-cb3a-4fd7-9106-94af92f2f6a7
f6d20d05-9881-45a8-b3dc-7625585ee4c9,43e951f8-9210-4839-9894-a02c7bf59e49
f6d20d05-9881-45a8-b3dc-7625585ee4c9,4d06d522-f03d-4fd2-86a5-3728d58d4f41
f6d20d05-9881-45a8-b3dc-7625585ee4c9,063e7ba0-b402-46ad-bf1d-d9898789e6bc
f6d20d05-9881-45a8-b3dc-7625585ee4c9,7bf9af38-301f-4093-a530-96a1504aa547
35af1726-589d-4cd1-bbea-3fa051ef76ce,1b36c9cc-eb7a-445a-ba40-c09af1c3b3f2
35af1726-589d-4cd1-bbea-3fa051ef76ce,8d407355-b7f9-45cd-a0a4-0f94b26340d4
35af1726-589d-4cd1-bbea-3fa051ef76ce,fc99f1d2-230a-43bb-a1a7-a5ec821ebb20
35af1726-589d-4cd1-bbea-3fa051ef76ce,2d3f11bc-7ab8-4c63-a6cf-224a6c017089
35af1726-589d-4cd1-bbea-3fa051ef76ce,e53cb743-cb65-4314-a212-dbae8e407d18
35af1726-589d-4cd1-bbea-3fa051ef76ce,0274365f-92d2-4c2a-819d-c41fe8307312
35af1726-589d-4cd1-bbea-3fa051ef76ce,ecb4d807-c34d-4fba-9ee2-4298e145d714
35af1726-589d-4cd1-bbea-3fa051ef76ce,a23e3074-b0e8-4c92-b19c-3778a881ce7d
35af1726-589d-4cd1-bbea-3fa051ef76ce,be163cd2-c2c6-495e-98b8-ba5398418323
35af1726-589d-4cd1-bbea-3fa051ef76ce,155a2d64-f9d7-4511-a98b-20da239b92c3
35af1726-589d-4cd1-bbea-3fa051ef76ce,797d4e6e-ee81-4af7-9bef-754554b48187
35af1726-589d-4cd1-bbea-3fa051ef76ce,3752c84c-0a73-4f83-b214-38a271cb7857
35af1726-589d-4cd1-bbea-3fa051ef76ce,4868829e-d52d-4fcf-a39a-78fd6462e2fe
35af1726-589d-4cd1-bbea-3fa051ef76ce,d6cc7ff5-fdb1-434c-baac-baa668e39f62
35af1726-589d-4cd1-bbea-3fa051ef76ce,4f5511f1-001d-4c84-a292-8062ea821a18
85a633e3-4ceb-452b-9870-52e2f69289d5,c93ef18b-8021-4a57-ac18-a738bf5c6485
85a633e3-4ceb-452b-9870-52e2f69289d5,f4f164b8-6878-4ccf-b5ee-5f512c0c4829
315e4871-b891-4423-a4d2-e754d7a843ea,016094df-a07c-40e2-880b-00f996695fd8
96a6bce3-9ace-4be7-a5df-c2b7836aea43,ffdfdd2f-4b60-451c-aee6-3e6209da0de9
96a6bce3-9ace-4be7-a5df-c2b7836aea43,12e6f886-a47f-413f-953c-ae7861837525
52636f43-4fb0-43ed-8c56-b644ddd62be9,1dc7141f-79a2-4e58-98ee-1cf0e8bdfd8b
52636f43-4fb0-43ed-8c56-b644ddd62be9,83cb8e3b-fa90-415a-a23e-5cfce8801deb
52636f43-4fb0-43ed-8c56-b644ddd62be9,12adc215-1360-4e15-b50e-a470e647d9c5
52636f43-4fb0-43ed-8c56-b644ddd62be9,ae8e7999-2f0d-4140-bbd6-5beedac85f66
52636f43-4fb0-43ed-8c56-b644ddd62be9,11f6202a-9863-448a-9633-f296349533ea
52636f43-4fb0-43ed-8c56-b644ddd62be9,35d0cb3f-fce9-422c-a746-29394a0683f0
52636f43-4fb0-43ed-8c56-b644ddd62be9,df2683ca-4590-4e42-bfbb-99bf40096da7
52636f43-4fb0-43ed-8c56-b644ddd62be9,5a854426-667a-4abe-9b12-3e002b86c2cf
52636f43-4fb0-43ed-8c56-b644ddd62be9,cd465947-8a29-4948-91f5-25b0cbb29f47
52636f43-4fb0-43ed-8c56-b644ddd62be9,3de9cec5-d124-4729-a3be-a9ca1723690b
52636f43-4fb0-43ed-8c56-b644ddd62be9,40258493-5244-4641-afb1-657815b599d3
52636f43-4fb0-43ed-8c56-b644ddd62be9,cbdc1fee-d3a6-4f49-8b09-dee2adfa48fa
52636f43-4fb0-43ed-8c56-b644ddd62be9,8dd9d27f-4592-4960-8555-9396884a8efc
52636f43-4fb0-43ed-8c56-b644ddd62be9,e0e212cc-6e84-481d-a271-83b23a1e7003
52636f43-4fb0-43ed-8c56-b644ddd62be9,0ade486e-0513-44a4-ba31-775763ce8bd6
52636f43-4fb0-43ed-8c56-b644ddd62be9,2508604f-3032-428d-8088-a748da1ebd16
52636f43-4fb0-43ed-8c56-b644ddd62be9,aa85d2ea-e26e-43f2-871f-30f578c55045
eac60df9-3b9b-4910-9700-2d23d577e728,7b538372-1811-4000-8d74-c361253f2638
eac60df9-3b9b-4910-9700-2d23d577e728,a2ee796f-8cc0-42c0-8e77-aadbe05265f5
eac60df9-3b9b-4910-9700-2d23d577e728,0fed01f2-9af7-4c3c-82a2-49880f53327a
eac60df9-3b9b-4910-9700-2d23d577e728,e8142147-f793-4aa6-9f24-d120f21c489b
eac60df9-3b9b-4910-9700-2d23d577e728,4723e656-b1b6-4f69-801a-a06a624144c1
eac60df9-3b9b-4910-9700-2d23d577e728,29aa3648-dc15-4e73-93bd-7395569e6be9
eac60df9-3b9b-4910-9700-2d23d577e728,50ab0a3f-e757-4809-93c7-27a1c95a9278
eac60df9-3b9b-4910-9700-2d23d577e728,1238118e-18bb-4e23-9209-f9a510276430
eac60df9-3b9b-4910-9700-2d23d577e728,58aee809-54b6-470a-9361-bdf8af7e85ed
eac60df9-3b9b-4910-9700-2d23d577e728,f8eff663-14c9-4dd9-a8b5-8fe90d9824f2
eac60df9-3b9b-4910-9700-2d23d577e728,039f40d8-39a0-4aa3-b76b-99141937c6d8
eac60df9-3b9b-4910-9700-2d23d577e728,fdbca93f-1b1c-49f9-8983-b9e2c5b848ca
eac60df9-3b9b-4910-9700-2d23d577e728,3fd534ef-4b8c-408f-9cf3-cebe2cbe0d50
eac60df9-3b9b-4910-9700-2d23d577e728,9dbc9f50-f909-4563-ae54-42668ffa599b
eac60df9-3b9b-4910-9700-2d23d577e728,152e003f-a6e4-4b9a-8f41-0c2d4c1c60c9
eac60df9-3b9b-4910-9700-2d23d577e728,6c95463f-3f9d-4433-b1b8-32dee649f2b0
eac60df9-3b9b-4910-9700-2d23d577e728,8e478ad1-a076-4bbe-bf0e-aef07b0365c5
eac60df9-3b9b-4910-9700-2d23d577e728,5f140d48-3e51-4015-af2a-4520249dfbc7
eac60df9-3b9b-4910-9700-2d23d577e728,28a4c597-eed1-4ca9-bfe6-ee22291e55bc
eac60df9-3b9b-4910-9700-2d23d577e728,9f57dd78-2259-48cd-abed-b268e5fc1cf2
eac60df9-3b9b-4910-9700-2d23d577e728,b13d21bd-6c43-4dae-ba38-54b1aa13804c
eac60df9-3b9b-4910-9700-2d23d577e728,b1d96155-b491-4126-a0f3-396faa048150
eac60df9-3b9b-4910-9700-2d23d577e728,a285e734-2e5c-46e0-bd52-5b976e4ff5d2
058ab940-9a91-4e18-a472-0f25ed203769,326c0b70-e403-11de-a523-000ea68e967b
058ab940-9a91-4e18-a472-0f25ed203769,5ca50da0-e3ff-11de-a523-000ea68e967b
058ab940-9a91-4e18-a472-0f25ed203769,546f6f33-2233-4826-9340-8ea23a1abe6c
058ab940-9a91-4e18-a472-0f25ed203769,2de3caf7-39e6-4e25-92b3-aa549f240896
058ab940-9a91-4e18-a472-0f25ed203769,d55533f7-b9d7-4bf7-be40-1a582f25e227
058ab940-9a91-4e18-a472-0f25ed203769,0314c1ef-dd20-49bc-a526-88709800e685
058ab940-9a91-4e18-a472-0f25ed203769,80608fb7-0d82-4e01-9f69-9926d3a48bbe
9bf034c6-728d-4527-89dc-c8ba689c0cee,17beb993-f144-4bd1-9399-c2093ad4e79e
9bf034c6-728d-4527-89dc-c8ba689c0cee,b908647f-20ef-445d-b2a6-1cd941a4f313
19e3b064-21f8-47c1-8b9d-f531323964d4,d979f2ca-d21f-45a2-bc7e-1a1cdd78e263
19e3b064-21f8-47c1-8b9d-f531323964d4,15de052d-9588-4e40-b2d3-a02b27f4ed71
19e3b064-21f8-47c1-8b9d-f531323964d4,f193f42d-cdba-46df-a0ec-442f8381864f
19e3b064-21f8-47c1-8b9d-f531323964d4,f8eff663-14c9-4dd9-a8b5-8fe90d9824f2
19e3b064-21f8-47c1-8b9d-f531323964d4,76c28385-c206-4cf0-90a4-cb6ea4653c9b
d45740c6-4ec2-4792-9c02-18663999b0b6,bdb50d45-43d0-4527-bacf-e6d3c8028c1f
d45740c6-4ec2-4792-9c02-18663999b0b6,f08da9e1-d75b-4c52-b9eb-07609bce7150
a2a761b8-5d11-443d-91a7-c1fcce59bbbf,57645e9e-4d53-43e3-89a4-71cc9bafb65b
a2a761b8-5d11-443d-91a7-c1fcce59bbbf,a8986cad-1f6e-4a94-b9ba-911ce822029a
dc13ab93-8585-4c80-99ee-2daa95ba51eb,d6aa4377-77e5-4ccc-bc7a-b86d7427664c
dc13ab93-8585-4c80-99ee-2daa95ba51eb,bd31f438-a30d-407a-b391-2fe9490c8d3e
baaacdcd-40b8-4d34-9f9f-a885bcd6ebb0,195563ee-cc19-488f-90e6-c48a5e1d600e
baaacdcd-40b8-4d34-9f9f-a885bcd6ebb0,831798c5-3183-46c2-8249-bd24368fc883
baaacdcd-40b8-4d34-9f9f-a885bcd6ebb0,c6721fcd-9910-4328-9fea-a4ff05051ca1
baaacdcd-40b8-4d34-9f9f-a885bcd6ebb0,d3a90bab-4c76-4d90-a4e2-131f28722ba0
baaacdcd-40b8-4d34-9f9f-a885bcd6ebb0,404d2e4b-d22c-43e7-b0ea-8839802df00c
baaacdcd-40b8-4d34-9f9f-a885bcd6ebb0,1e054600-a425-4d8d-a97c-93dcd93c32d0
3e165725-56f9-4ad8-b2de-0d98d6dc25e8,a306c3dc-938c-4a57-8598-778a53e19789
3e165725-56f9-4ad8-b2de-0d98d6dc25e8,c8ff0ac5-d06b-49a7-90d0-a5a01a10b14b
3e165725-56f9-4ad8-b2de-0d98d6dc25e8,94a1eaef-2e26-4ff0-91f2-a36a14dc6814
3e165725-56f9-4ad8-b2de-0d98d6dc25e8,f56ebced-2ce2-4722-aab2-71a353cb6416
3e165725-56f9-4ad8-b2de-0d98d6dc25e8,b8c296a9-41ab-484d-bd5d-bca836c46d35
3e165725-56f9-4ad8-b2de-0d98d6dc25e8,9b59da99-cc8c-4e86-82eb-ff59fff9d47c
20e31a7d-3ebe-4f01-8190-cf57832c1279,c93ef18b-8021-4a57-ac18-a738bf5c6485
20e31a7d-3ebe-4f01-8190-cf57832c1279,f4f164b8-6878-4ccf-b5ee-5f512c0c4829
4a5fe21c-a2d9-426a-bdb0-524a2754e75d,46c3950e-4e86-473e-aded-f8487934ff7d
4a5fe21c-a2d9-426a-bdb0-524a2754e75d,c81902e6-50f9-4361-9d04-d2db57a4cac8
4a5fe21c-a2d9-426a-bdb0-524a2754e75d,3ca3b195-e80d-414b-923d-c9104b674c65
4a5fe21c-a2d9-426a-bdb0-524a2754e75d,522297be-bcf4-4c73-b2d3-aca1df7ca739
4a5fe21c-a2d9-426a-bdb0-524a2754e75d,22308f59-bb6d-4852-be6c-eba13df8410e
4a5fe21c-a2d9-426a-bdb0-524a2754e75d,fb03d24e-efad-42b6-a64e-f344e874e591
4a5fe21c-a2d9-426a-bdb0-524a2754e75d,8eaf609f-8115-4a9a-a294-1163b9e8d2d5
4a5fe21c-a2d9-426a-bdb0-524a2754e75d,a0d5fc29-0252-4510-bdb5-3ac2ceb0c76b
4a5fe21c-a2d9-426a-bdb0-524a2754e75d,4ff53204-ef6b-4b36-8a30-11058a0bc331
4a5fe21c-a2d9-426a-bdb0-524a2754e75d,5e40768c-4f04-4bcd-8fd3-e428e53178e9
4a5fe21c-a2d9-426a-bdb0-524a2754e75d,1cee0417-b483-4b25-8e23-8a8ff3b3a5b2
4a5fe21c-a2d9-426a-bdb0-524a2754e75d,5df098d7-6bfe-4ddf-bd59-b257b9109838
4a5fe21c-a2d9-426a-bdb0-524a2754e75d,8e1a32d8-2463-4950-98e3-b58259d5d160
4a5fe21c-a2d9-426a-bdb0-524a2754e75d,b1f657af-0c54-47b7-aacb-b7dfb9bf6b1c
4a5fe21c-a2d9-426a-bdb0-524a2754e75d,5c4a3be9-fff8-424d-9a31-8e10d7a5aad0
4a5fe21c-a2d9-426a-bdb0-524a2754e75d,33c0c7ce-1045-4885-90c9-cc77e5528b53
4a5fe21c-a2d9-426a-bdb0-524a2754e75d,d86b68b4-97bc-4139-ab98-95ba07dca5b7
4a5fe21c-a2d9-426a-bdb0-524a2754e75d,e3b6998b-f00f-4c7f-bc84-21bc993f3d6f
136f261a-f853-4d6e-9abe-ad52ce52fd79,5d43e32b-2caa-4d5b-84db-166db465c153
136f261a-f853-4d6e-9abe-ad52ce52fd79,bc0c8e5a-9697-4ec8-939c-407d6b56202e
136f261a-f853-4d6e-9abe-ad52ce52fd79,b3b79cbe-54ca-4f7f-9ec9-a12f43117b75
cb8996d1-e7e2-443d-8bc5-4225476b21eb,123d8345-e659-4d85-9936-185c5d71d0a6
cb8996d1-e7e2-443d-8bc5-4225476b21eb,9d0ada2c-53d7-492e-8e90-6cee0dd9a8b1
190c1b56-5561-4a2a-88e1-d4aab076ddff,d5fc1b95-950c-422e-b09f-761a0282465d
190c1b56-5561-4a2a-88e1-d4aab076ddff,a58f1b20-fa27-42e4-b17c-37226b7fb89e
190c1b56-5561-4a2a-88e1-d4aab076ddff,bbb2c5c3-29c5-41f7-8706-263da8f36b23
190c1b56-5561-4a2a-88e1-d4aab076ddff,dbb1dfa1-70a4-4bb9-8c04-86a4e2d98bd4
190c1b56-5561-4a2a-88e1-d4aab076ddff,360f8809-3440-45b8-8626-0feae99afecc
190c1b56-5561-4a2a-88e1-d4aab076ddff,1b890ac0-7098-4ace-af18-c10a614c5653
190c1b56-5561-4a2a-88e1-d4aab076ddff,4d93bc6d-a448-4d96-9fa6-a7a3efee4a76
190c1b56-5561-4a2a-88e1-d4aab076ddff,1eba6fe3-5a43-4e95-8984-d413e91b7bd3
190c1b56-5561-4a2a-88e1-d4aab076ddff,1366aeda-1055-4d03-99d2-de02a6febaee
190c1b56-5561-4a2a-88e1-d4aab076ddff,29fe9b32-bc9b-42d4-b94b-838ea3f0a1ec
190c1b56-5561-4a2a-88e1-d4aab076ddff,9e6d557f-a9ca-48e7-a7a8-16624512b4ae
190c1b56-5561-4a2a-88e1-d4aab076ddff,8ca6935e-3ce6-4fa9-95cb-3064b8800671
190c1b56-5561-4a2a-88e1-d4aab076ddff,a37cb8a1-f675-456e-8e60-08fb13948ef4
6ef75dd3-ea0c-4db9-af19-bdd91397d783,c93ef18b-8021-4a57-ac18-a738bf5c6485
6ef75dd3-ea0c-4db9-af19-bdd91397d783,f4f164b8-6878-4ccf-b5ee-5f512c0c4829
6ef75dd3-ea0c-4db9-af19-bdd91397d783,e13755cb-543f-471b-bf7b-6fb008f90cad
6ef75dd3-ea0c-4db9-af19-bdd91397d783,e12b68e9-0f86-4eb2-b756-d04c028ce72b
6ef75dd3-ea0c-4db9-af19-bdd91397d783,b2083407-6f09-48cf-9111-770ab4dc2989
610fe295-e17f-415b-b874-267047f0d4ca,1ad7c09c-8b17-4034-97da-320a4eb6ceee
a2f4b3e2-31c0-4a77-a4cc-05980e763c2d,52d0adae-04a5-4dbb-80d0-311c037a0a3d
6a47283a-c073-4d31-be9b-92c1d3b59e6f,e87a1401-3c4a-4a31-ae50-7ee3ffd54f9e
6a47283a-c073-4d31-be9b-92c1d3b59e6f,32dfa560-6838-4b38-8c1f-ccd0a0fcb432
6a47283a-c073-4d31-be9b-92c1d3b59e6f,1535b59f-4e67-498a-8696-bc08a370825d
6a47283a-c073-4d31-be9b-92c1d3b59e6f,87853e89-f1e8-4044-8504-b68d75ec4178
6a47283a-c073-4d31-be9b-92c1d3b59e6f,16f7c777-3021-4716-9f6d-cea2d638fc11
6a47283a-c073-4d31-be9b-92c1d3b59e6f,99a2fe7d-b0b2-4e96-855a-4cbbc455f700
6a47283a-c073-4d31-be9b-92c1d3b59e6f,7cd4fac9-c846-48bb-aca8-8f7c0db09892
6a47283a-c073-4d31-be9b-92c1d3b59e6f,de7e1055-1654-46b0-8f8d-708a3fbe703f
6a47283a-c073-4d31-be9b-92c1d3b59e6f,d0747e66-1cc6-4c31-bfaf-f5ec645487a1
6a47283a-c073-4d31-be9b-92c1d3b59e6f,915ec9d9-a957-4b7a-b576-ead3874aa79c
6a47283a-c073-4d31-be9b-92c1d3b59e6f,d057c748-3cf6-41f5-beee-da2df6785955
6a47283a-c073-4d31-be9b-92c1d3b59e6f,82435fd5-42fd-402b-85fc-bed22fc3ae97
6a47283a-c073-4d31-be9b-92c1d3b59e6f,cdfc6ef3-ca56-4dd9-b3b6-f2b94054eaf8
6a47283a-c073-4d31-be9b-92c1d3b59e6f,cf49f476-db46-402a-a2b4-0d617b5298b4
6a47283a-c073-4d31-be9b-92c1d3b59e6f,063c1773-a128-49b2-8104-c98115b81373
6a47283a-c073-4d31-be9b-92c1d3b59e6f,6447ce0d-cb26-44ae-a22c-2808310babac
42b30a10-30b5-4a6f-ba07-de3564094906,beeb93ee-3d44-4b82-b04a-6d85b6de0b31
0e18ed4e-6696-4060-b108-3f00b8431b89,e9c72644-2f84-4456-8467-8ec411cf10e1
0e18ed4e-6696-4060-b108-3f00b8431b89,1bed90c2-9f6d-43dc-837d-d7687682859b
0e18ed4e-6696-4060-b108-3f00b8431b89,ec137504-b4d6-4bf4-837b-d860410358b3
0e18ed4e-6696-4060-b108-3f00b8431b89,cd1f4806-d0b0-4622-9f7b-68b95fda7b46
2f5e8d53-a5c4-41a9-95b3-8478cb7376ea,1bed90c2-9f6d-43dc-837d-d7687682859b
2f5e8d53-a5c4-41a9-95b3-8478cb7376ea,ec137504-b4d6-4bf4-837b-d860410358b3
2f5e8d53-a5c4-41a9-95b3-8478cb7376ea,cd1f4806-d0b0-4622-9f7b-68b95fda7b46
2f5e8d53-a5c4-41a9-95b3-8478cb7376ea,f57dac1e-2437-41b9-b7a7-2f50ead52087
2f5e8d53-a5c4-41a9-95b3-8478cb7376ea,5179a55e-5c0b-418b-85fc-c9300e8f1361
2f5e8d53-a5c4-41a9-95b3-8478cb7376ea,5a4e8bf3-158b-420f-9edb-163d8f9a1f70
2f5e8d53-a5c4-41a9-95b3-8478cb7376ea,427bbe6d-d8d0-46dc-b2f9-8179ba4f0551
2f5e8d53-a5c4-41a9-95b3-8478cb7376ea,80d3b38f-59e8-4776-817d-c419fc7e5d11
2f5e8d53-a5c4-41a9-95b3-8478cb7376ea,b50625a9-5b39-4861-8679-5d77c6264e33
2f5e8d53-a5c4-41a9-95b3-8478cb7376ea,28f40215-cc86-4e62-9d69-a2df9264a3d2
2f5e8d53-a5c4-41a9-95b3-8478cb7376ea,69cb3ec2-c472-47e3-8eb9-08b5a6ed43ed
2f5e8d53-a5c4-41a9-95b3-8478cb7376ea,8c0a4ba7-4c5a-4f80-ac2d-83a51ecaad6c
2f5e8d53-a5c4-41a9-95b3-8478cb7376ea,bd84c92b-35a3-45b5-978b-5be913169114
4cac7654-2655-4c1b-b201-1ef33d01b353,1ea57259-7365-4f50-8643-492e33377cff
4cac7654-2655-4c1b-b201-1ef33d01b353,57366adf-c290-4642-bcb4-40c5a2c9572f
4cac7654-2655-4c1b-b201-1ef33d01b353,018b3764-64ce-4b12-8c59-9e588e3ef3ba
4cac7654-2655-4c1b-b201-1ef33d01b353,8ee5d5f6-6f42-435b-96f9-d2b4027114c1
4cac7654-2655-4c1b-b201-1ef33d01b353,35179628-e8db-4ff2-93f9-9a149b2b2f4b
4cac7654-2655-4c1b-b201-1ef33d01b353,c6cbcc3e-3e48-4a5e-b51d-aff17acfe183
33b3fc7e-5aad-48c0-877c-ada1be556f22,cca73086-8148-44b7-8a35-32dcbf7e3bd9
33b3fc7e-5aad-48c0-877c-ada1be556f22,20e6427e-6bab-4748-87fc-2144458c0ad5
33b3fc7e-5aad-48c0-877c-ada1be556f22,c69f18d7-8eb0-41d4-9708-2d9fb43e7a96
17e1e227-7f62-424a-abd5-4d6b119572fc,47eec9ff-5941-4a19-9205-82147bd44655
17e1e227-7f62-424a-abd5-4d6b119572fc,98d298b5-d6c5-44a3-9b86-b9606666a886
c006a8cf-ebb2-4bd4-94ae-01b5ea5f2ee2,2d6862ae-afc0-4656-97ce-f7c096eb8e38
c006a8cf-ebb2-4bd4-94ae-01b5ea5f2ee2,0064c3c1-b2cc-44c7-bca3-fdd84be66b64
c006a8cf-ebb2-4bd4-94ae-01b5ea5f2ee2,4682a512-5041-4452-890d-ba679b6fc207
c006a8cf-ebb2-4bd4-94ae-01b5ea5f2ee2,d5fb8f45-fae3-4ec3-98cd-e36fc92523e4
516eb84c-8047-484a-8d11-dcb7976fc2bf,a9e2c3e8-cff9-43f8-9ee6-6926ab41b0d2
516eb84c-8047-484a-8d11-dcb7976fc2bf,a7f77de8-ae77-48f2-8291-42b8ecc7f490
516eb84c-8047-484a-8d11-dcb7976fc2bf,d8c97224-de50-4e65-95d1-acffdc2eb860
516eb84c-8047-484a-8d11-dcb7976fc2bf,61eb4ba2-183f-4f50-bfa3-35a2a837a544
16e7a68a-1a39-4e97-82bd-cdad60df959b,fcb373d9-48e1-4567-8357-d06d45095b6d
16e7a68a-1a39-4e97-82bd-cdad60df959b,48f7975d-4de4-4596-bf19-1eceb427fa91
16e7a68a-1a39-4e97-82bd-cdad60df959b,4eae46b3-f4ac-49a7-aa01-9a72449a819e
16e7a68a-1a39-4e97-82bd-cdad60df959b,046bb469-1582-404b-8f3c-62de5836d3f5
44d7b341-2fb8-462f-aeea-8dc7f9b1cb93,489cd169-736e-4a7d-9d6b-861e0da52d07
44d7b341-2fb8-462f-aeea-8dc7f9b1cb93,c9fcf3d7-2076-4c73-ac05-95d98a122e7d
44d7b341-2fb8-462f-aeea-8dc7f9b1cb93,45b717e5-9f70-4554-b123-915116d3ffb4
44d7b341-2fb8-462f-aeea-8dc7f9b1cb93,42d98f82-ded0-44be-9dae-6ccade90857c
a34eefb4-dc7c-45b0-a60a-369c9f8c4fbc,d34d4733-eb85-49bb-93a8-4553a070f3ea
a34eefb4-dc7c-45b0-a60a-369c9f8c4fbc,e4c9cc75-7237-4a48-a25d-1aa64eead024
a34eefb4-dc7c-45b0-a60a-369c9f8c4fbc,7f0fbb69-00db-4106-b3d1-d14484fc0066
a34eefb4-dc7c-45b0-a60a-369c9f8c4fbc,2e4cc14d-92ed-47f3-87f3-e45a116f9dcc
a34eefb4-dc7c-45b0-a60a-369c9f8c4fbc,646e934a-57a2-448b-b632-7d58daef75ae
a34eefb4-dc7c-45b0-a60a-369c9f8c4fbc,e132b2f0-45ce-42c4-bfa6-74d5b042a637
90ea8ed3-a495-4998-b22b-0dc362de76f7,d0464844-a319-43e4-9351-03c58973ed7c
90ea8ed3-a495-4998-b22b-0dc362de76f7,0d049c3a-a9ea-4ce9-8aaf-e19495c97d3a
90ea8ed3-a495-4998-b22b-0dc362de76f7,ae489b73-54d7-4ecc-be55-c1428caddb24
90ea8ed3-a495-4998-b22b-0dc362de76f7,6dd60fe2-e15a-425a-8d58-6ff0f080d102
90ea8ed3-a495-4998-b22b-0dc362de76f7,82e759e9-1c41-4dea-9d66-076e2bc261aa
90ea8ed3-a495-4998-b22b-0dc362de76f7,7368138d-33e4-4132-84c5-a86f61b50c2b
90ea8ed3-a495-4998-b22b-0dc362de76f7,6071d4c6-81eb-4bd3-92cf-879af89227b0
90ea8ed3-a495-4998-b22b-0dc362de76f7,8cbca471-a8f5-49cf-a127-e0e8ae40e5a1
47ecae24-c424-4de9-9a67-c937eb1fa065,f4c6ef8f-7d6f-454b-b10c-c8dd39a5a9c8
47ecae24-c424-4de9-9a67-c937eb1fa065,9a1c4d2e-f26b-458b-9115-8ee8f2391cbf
47ecae24-c424-4de9-9a67-c937eb1fa065,f92131e4-369b-40da-9414-96956584cd18
47ecae24-c424-4de9-9a67-c937eb1fa065,bf9b6043-48e9-4b43-9265-681f55e28d46
47ecae24-c424-4de9-9a67-c937eb1fa065,8d118d7c-e686-491f-9b0e-80e9e9d890f5
47ecae24-c424-4de9-9a67-c937eb1fa065,f2f26e5a-5d85-4eb5-ad9c-933846af6cf9
47ecae24-c424-4de9-9a67-c937eb1fa065,be45220b-23ca-4838-9fac-9ebfa9a1de98
47ecae24-c424-4de9-9a67-c937eb1fa065,c66f57a5-d73c-4098-ac0e-29e62696076a
47ecae24-c424-4de9-9a67-c937eb1fa065,4ea232c8-59df-4ed9-a5af-93292f5ce16c
47ecae24-c424-4de9-9a67-c937eb1fa065,0ac1995b-dafc-43a9-8ac4-eb503ce34164
47ecae24-c424-4de9-9a67-c937eb1fa065,4b32dc28-1605-4ee0-9fee-3563cf7233a7
47ecae24-c424-4de9-9a67-c937eb1fa065,78bf174c-516d-4288-8441-d237bc295648
9497b076-f227-4260-9243-fe1191cc3b5e,9b59da99-cc8c-4e86-82eb-ff59fff9d47c
9497b076-f227-4260-9243-fe1191cc3b5e,989d6a8b-9693-4fd3-94ad-13130c253399
9497b076-f227-4260-9243-fe1191cc3b5e,29af34af-f29d-4d2e-b5a2-640e35f8a684
9497b076-f227-4260-9243-fe1191cc3b5e,c4bbef0c-a487-44df-8d18-ce170818a79c
88d75831-25f7-4350-844d-9205d4c998d5,ef59bfa8-a69e-49b8-98eb-29df7a0412fc
d9ae1f9c-c9ff-4c8f-a3c3-5b8c05b9b6d8,20021604-4452-4aca-92b7-d50e8c6e565c
d9ae1f9c-c9ff-4c8f-a3c3-5b8c05b9b6d8,25ed7463-6bbf-4dcb-9db4-b9370ab19473
52b61d82-61c5-4c33-814d-17dffa0e6da7,a55d7e13-b395-4c8c-8c3c-5c391f2e8225
52b61d82-61c5-4c33-814d-17dffa0e6da7,1987fdc0-5910-40ad-bd33-0fa82a67810a
f9613974-23dd-4af9-b328-b9472531403e,52c168cc-b561-41bc-ac77-c941f4b30cca
f9613974-23dd-4af9-b328-b9472531403e,fb4bfb79-5e72-492b-a7fc-67938633b7f3
f9613974-23dd-4af9-b328-b9472531403e,239bb72a-04b3-45fa-aa9a-44f42969e58a
f9613974-23dd-4af9-b328-b9472531403e,20021604-4452-4aca-92b7-d50e8c6e565c
f9613974-23dd-4af9-b328-b9472531403e,25ed7463-6bbf-4dcb-9db4-b9370ab19473
bc25c1fb-6f03-44c3-9f92-5cd7e68c76b0,0529d15d-01d7-4f44-bd5b-beee197e0727
bc25c1fb-6f03-44c3-9f92-5cd7e68c76b0,f719fcab-6614-463a-9472-9044406da970
bc25c1fb-6f03-44c3-9f92-5cd7e68c76b0,402e701b-f100-4179-9af3-3a27d5923253
bc25c1fb-6f03-44c3-9f92-5cd7e68c76b0,f8d428b3-e6f0-45b5-86be-09f74fb5c390
bc25c1fb-6f03-44c3-9f92-5cd7e68c76b0,3ececbc4-fb00-47f6-a0d7-da56df56c593
bc25c1fb-6f03-44c3-9f92-5cd7e68c76b0,dedcea77-67fd-472b-a077-418adb65f769
bc25c1fb-6f03-44c3-9f92-5cd7e68c76b0,2cfd5bcb-21f1-4a4f-bc91-212d2ee5288b
bc25c1fb-6f03-44c3-9f92-5cd7e68c76b0,cc3f5eef-65d4-49c9-b0f8-dea0afe853a0
bc25c1fb-6f03-44c3-9f92-5cd7e68c76b0,d6fe373c-39d0-4617-bcd0-37c338ba929e
c73fb74d-2225-44a2-aba1-d1d40064f50e,beeb93ee-3d44-4b82-b04a-6d85b6de0b31
f37a5ad9-0947-4b39-9bc4-c6fb89bead24,ee67537e-0a41-4cef-8e5b-92c45806d2f2
389f89c7-3f1f-4f75-bac1-44c9e7703c42,895544cb-0c57-4855-aea7-7e9e54cd81a3
389f89c7-3f1f-4f75-bac1-44c9e7703c42,c4da5821-ba5e-40cf-99cf-f57c846cbc31
389f89c7-3f1f-4f75-bac1-44c9e7703c42,5c826ebd-00b7-40fb-908c-b5c8a89e6ec4
0fa9a31a-1db3-4a53-aabc-60e09ba950e8,53485f37-441b-42c4-aadb-3bed8975b104
0fa9a31a-1db3-4a53-aabc-60e09ba950e8,74f074f4-8d80-454c-b05a-7c3afcff1d8e
0fa9a31a-1db3-4a53-aabc-60e09ba950e8,67ea5bcd-daf9-4f77-b2f0-5519c55900a1
e60e33c0-f4d1-4243-a02d-bacc40c257f8,fa7d9628-df39-4c9c-a3cb-12c4d097b590
46b9b101-1336-414d-b1d8-995d9f2e7869,1bdc44ec-a22a-42bd-ab9a-5d6eedf3b783
057f2fe2-c640-4acd-a518-a08ba773a1f0,1246a376-be43-4a7b-9483-eb748c38b677
9aadc91b-d99a-402c-8c3c-dd2ac88f938f,fab178d8-90f9-4175-8fdf-7e9bf7726bee
54be9d4e-0d3a-4b8a-b908-4989018a10e5,bde870e1-df02-4b39-b879-754232cbf89f
9f485f10-7bd6-485b-a9f2-967689449145,7702f384-2591-4960-abce-f443e9eac67d
4bb672ed-bd49-4087-9326-eaa97f21976d,3ad19b8b-1e21-410e-a5a4-7a55c612df78
8146f4ce-2057-47de-80a7-f7707e6506e0,c69f18d7-8eb0-41d4-9708-2d9fb43e7a96
8146f4ce-2057-47de-80a7-f7707e6506e0,7a377e33-676b-4475-90cb-403c95160c3f
6ac1ce36-677b-4986-90ef-05eb24746af1,1c75aad1-cda8-4521-b602-7752016af5c1
6ac1ce36-677b-4986-90ef-05eb24746af1,0af3f122-2553-4d0c-ab56-f8485bde3b87
6ac1ce36-677b-4986-90ef-05eb24746af1,82da1cd4-fda2-466e-8bd0-72059aad964f
4bc1a5b1-e2c9-4c56-8f85-8e2e5474b0a4,56986d8e-a353-4e00-9fde-51a96c6566de
396e5fcc-e388-49a1-9f82-f625c28248b1,3ceeec63-dcba-44bb-9f39-4d3df3f06d27
396e5fcc-e388-49a1-9f82-f625c28248b1,26a3fc51-b911-4ba1-9886-8f63cd99af21
5734b571-8aa7-42d7-9060-92a007e42fa6,ae8d2f6a-0d20-4fe6-825d-54f2ef6a877a
5734b571-8aa7-42d7-9060-92a007e42fa6,cb59c33e-46b4-422e-94a5-a06f8314a5c1
5734b571-8aa7-42d7-9060-92a007e42fa6,f7321162-d170-4943-9ad6-bb8e63405ab8
2654b6d6-568c-45ce-a65c-8841b523517a,011e4cae-aac1-4750-b1ff-27d6c17c0eb5
3e7a5097-15b1-4f1e-b343-b06f74cc224b,5ffdfce1-f80f-404a-a106-0c9edc674b53
3e7a5097-15b1-4f1e-b343-b06f74cc224b,b6ae2ca3-8ed8-4b1c-b7ac-53993a159118
3e7a5097-15b1-4f1e-b343-b06f74cc224b,6156f58d-1608-4343-8792-47d1a33d86c8
7ee17c5d-2d57-4179-b42a-6213d5278303,f554da08-524b-4fdf-b8db-e293e90a9918
dec18386-7572-4600-aebd-ab3a3fa32b4f,ebcf4879-5750-44b0-b359-175378f4b89a
f425df35-7a88-41a1-9d8d-ced2bd55e700,cd493cc2-10eb-4ebe-8e90-8d3cff414215
f425df35-7a88-41a1-9d8d-ced2bd55e700,bcbeff41-3770-43ce-91c4-9b7f78ad8db2
f425df35-7a88-41a1-9d8d-ced2bd55e700,50c37dad-469b-472d-9502-743b84168544
8d741a26-ea5c-4c69-9dab-6341052e48e3,74363520-b1a3-4e2f-bfa8-efca152b64d0
8d741a26-ea5c-4c69-9dab-6341052e48e3,42619e77-eb69-452d-aae1-f852b44d6085
8d741a26-ea5c-4c69-9dab-6341052e48e3,d3422dbc-88e1-4a22-a271-6781e343a999
939931f6-183c-46e0-a8da-1464aa7bc66c,74f2ce1e-8b3a-4647-8de1-3ee5c40ff953
939931f6-183c-46e0-a8da-1464aa7bc66c,8cbb36c9-52bf-4247-b237-85b5a0e31aa9
939931f6-183c-46e0-a8da-1464aa7bc66c,442081bc-5047-4a4b-be67-b4a24760e2a7
939931f6-183c-46e0-a8da-1464aa7bc66c,b6fdf1a4-2663-490f-b428-3b8890a13e98
939931f6-183c-46e0-a8da-1464aa7bc66c,afaf1120-02be-4469-9db9-00ab6d6c6fc8
939931f6-183c-46e0-a8da-1464aa7bc66c,1bdc44ec-a22a-42bd-ab9a-5d6eedf3b783
939931f6-183c-46e0-a8da-1464aa7bc66c,8422b28e-a122-4c3b-847d-13c716bae1e0
939931f6-183c-46e0-a8da-1464aa7bc66c,8076c010-688a-49a8-ad10-e9881a62aa1e
bf1ab9c0-12cb-402a-ac01-3179dddf2e61,3162cddb-6a82-47f5-b6b0-9d29c6207244
6e3780d5-8dbd-4884-9222-02187fffbe81,b93dd96c-c7ee-4530-9925-4589fb09bead
6e3780d5-8dbd-4884-9222-02187fffbe81,8bd23efb-75f9-41c2-81a1-7467b9e767ab
0f68d1d2-3e84-4979-983c-70cab1341b9f,a55d7e13-b395-4c8c-8c3c-5c391f2e8225
0f68d1d2-3e84-4979-983c-70cab1341b9f,2bf60fbf-892b-4220-a0e1-e58457850273
0ceff908-b0cc-4033-bc28-ea4afe61db99,a6e7a473-3394-4298-9e4b-410f20fc30bc
0ceff908-b0cc-4033-bc28-ea4afe61db99,f3f53e2a-97a4-4b56-bf5d-602213bcfc22
0ceff908-b0cc-4033-bc28-ea4afe61db99,125c6354-3fc4-4d3b-81f7-2c53856437ec
2b7b3917-2b7f-4064-aa9c-6536d1384b1f,c4561376-6ebb-414e-ba3e-02afae912cce
2b7b3917-2b7f-4064-aa9c-6536d1384b1f,6e21f067-f015-40d2-a6d4-8147b7e1ac1d
2b7b3917-2b7f-4064-aa9c-6536d1384b1f,32958c45-d0cf-47d4-b30b-34742500224f
2b7b3917-2b7f-4064-aa9c-6536d1384b1f,80bd5d83-8460-4c61-9729-4a57033c66fe
82a555b1-9926-4e23-928d-ebf205ba4685,fa7d9628-df39-4c9c-a3cb-12c4d097b590
82a555b1-9926-4e23-928d-ebf205ba4685,1732a5a6-64e1-44e9-9d36-fe4367fcc30c
82a555b1-9926-4e23-928d-ebf205ba4685,5b84e052-a0e6-46bc-a17c-98c87b9d74ba
70aa6be9-7b1a-4d02-8516-2f226c6446a7,00865963-6ad8-41ef-a860-5258d1c67b74
70aa6be9-7b1a-4d02-8516-2f226c6446a7,44371a4f-0e57-4472-a28d-c4e445a6c87b
70aa6be9-7b1a-4d02-8516-2f226c6446a7,d3ed33d8-cda0-424f-9f44-c048d64586ff
70aa6be9-7b1a-4d02-8516-2f226c6446a7,728aafa1-8e3a-45d2-800c-8e82aac01a41
70aa6be9-7b1a-4d02-8516-2f226c6446a7,e7cecb8b-5b07-4aa7-bfc8-b619ba725c9f
70aa6be9-7b1a-4d02-8516-2f226c6446a7,d3422dbc-88e1-4a22-a271-6781e343a999
70aa6be9-7b1a-4d02-8516-2f226c6446a7,26499c3b-a8be-408a-ab9e-a36d1cda6062
70aa6be9-7b1a-4d02-8516-2f226c6446a7,c51ab87b-d222-4cdf-afa3-8cc26cfdd78f
2d0e4509-f039-49bc-b670-0d5d3e31284b,08829e8c-56e9-4a6f-910f-9e6ac6a59773
2d0e4509-f039-49bc-b670-0d5d3e31284b,015d3cb2-7af0-471e-b174-c482c0207347
2d0e4509-f039-49bc-b670-0d5d3e31284b,ab57a4ac-ce75-408a-8f49-b51792311589
2d0e4509-f039-49bc-b670-0d5d3e31284b,b1c4ca86-1082-449f-aeec-78a7a3b05bba
2d0e4509-f039-49bc-b670-0d5d3e31284b,05b19451-f59c-4b24-949a-0c706abb7b8d
2d0e4509-f039-49bc-b670-0d5d3e31284b,0443d534-94a3-444f-9d4d-449aec2a9996
2d0e4509-f039-49bc-b670-0d5d3e31284b,e819e102-2f1e-4cfa-9009-49e690a43e4c
2d0e4509-f039-49bc-b670-0d5d3e31284b,66eb1199-34f5-4f8b-8c30-153651c65ce9
2d0e4509-f039-49bc-b670-0d5d3e31284b,e8c86569-6691-40c8-8ebd-b350b2457a54
34bde59f-bc47-44fb-81e8-1d675ca36df6,3af6c8d5-5d74-4558-bb5a-271c45046d67
34bde59f-bc47-44fb-81e8-1d675ca36df6,8545382c-9457-48a8-aa77-9429bc4e4038
34bde59f-bc47-44fb-81e8-1d675ca36df6,3e67a66c-56a1-429b-a64a-ab4a775eb311
34bde59f-bc47-44fb-81e8-1d675ca36df6,e1f0f147-5b7c-43c8-b8e6-ad53c3afe3d7
1afe974b-d602-4c5c-ab84-24ba24b7ce81,c8cdeb53-211c-4c5d-9bab-f9486aa07476
1afe974b-d602-4c5c-ab84-24ba24b7ce81,74dc95e1-5e5a-43ef-9ab0-3095d6e8369d
1afe974b-d602-4c5c-ab84-24ba24b7ce81,30d892ac-e4e3-4159-a5da-597dc48b9c04
1afe974b-d602-4c5c-ab84-24ba24b7ce81,07956911-caae-4f64-8f6a-18c0c6333ce5
28c482c8-3f29-4c4d-abae-c3ea636d65c1,fddae596-5117-4ea3-b737-b1382bad78ca
28c482c8-3f29-4c4d-abae-c3ea636d65c1,97013898-f506-45c3-afa3-980898eb3eee
28c482c8-3f29-4c4d-abae-c3ea636d65c1,57dc6c59-b9b0-46ac-a6cf-2a335514adac
28c482c8-3f29-4c4d-abae-c3ea636d65c1,66faab75-3953-4637-8d0a-153ad2a97a3c
28c482c8-3f29-4c4d-abae-c3ea636d65c1,36a73ed5-8ff8-4ea1-90b1-040f44da7509
b47abab8-758b-4317-be3b-a2b8fb15d820,1c91b03a-4319-4326-8761-830c1d707b12
b47abab8-758b-4317-be3b-a2b8fb15d820,01660277-2bec-417f-84b4-e556ae3a3c7d
b47abab8-758b-4317-be3b-a2b8fb15d820,56986d8e-a353-4e00-9fde-51a96c6566de
5140d65f-c9c2-4102-ade1-a656cce36387,57dc6c59-b9b0-46ac-a6cf-2a335514adac
5140d65f-c9c2-4102-ade1-a656cce36387,ddce6c01-1c60-46d6-b4bb-f806b5f3a395
5c14f2cf-9f83-4b48-b608-8f504edc970c,36e89c8e-4de8-41b5-bd2b-cb15b82c34c9
815ff3aa-8225-4ed2-81c7-368c5a326843,1517cac9-4bd5-44ee-b555-9392eec95f7c
815ff3aa-8225-4ed2-81c7-368c5a326843,bfff5bed-3cd1-4809-a72d-3e99d0361818
815ff3aa-8225-4ed2-81c7-368c5a326843,ca473937-65f4-4e42-8da7-ca39cec7fb81
815ff3aa-8225-4ed2-81c7-368c5a326843,cfb0474e-c3b4-4ac5-b888-00d5a695cd96
379f431a-ce47-4ea1-835d-8855a3e0f7b1,92e7cd4b-9ce2-44ac-b474-27f7c667d2cb
119e304c-6427-40e5-95fd-e802aabd518e,66e34fd1-d714-434d-99ce-78ac5a0983a3
35203d5b-8d9b-4719-aeb2-6f5074ac1686,820a9387-38ad-4056-93ca-7d24d10a4111
ce8e2ce8-0470-4a8b-9c20-f54ca0265cf6,3af6c8d5-5d74-4558-bb5a-271c45046d67
ce8e2ce8-0470-4a8b-9c20-f54ca0265cf6,87690ab6-bf4e-4469-a637-7928dd15c45b
ce8e2ce8-0470-4a8b-9c20-f54ca0265cf6,8545382c-9457-48a8-aa77-9429bc4e4038
ce8e2ce8-0470-4a8b-9c20-f54ca0265cf6,3e67a66c-56a1-429b-a64a-ab4a775eb311
51455974-553e-4f70-b330-1901d9efc34c,3ae85e3a-7c48-4000-84ba-8fb86f30aae4
51455974-553e-4f70-b330-1901d9efc34c,805e6861-f5e5-4d89-a368-f3665a4ca95f
51455974-553e-4f70-b330-1901d9efc34c,3c7a1101-1b55-4c43-9c10-882f7aa4af57
51455974-553e-4f70-b330-1901d9efc34c,973aa5ea-3125-4de6-bd0a-c12402f55d4e
51455974-553e-4f70-b330-1901d9efc34c,475446c2-c117-48d6-8a25-e66d40a63c49
51455974-553e-4f70-b330-1901d9efc34c,c2df5ae7-5ece-40fa-a481-b8017957f116
4d82f1f3-3bfd-4b4f-b906-501050b7b42c,a0b6f945-4156-4395-9ac4-e922436da592
4d82f1f3-3bfd-4b4f-b906-501050b7b42c,09376cbc-40c9-4f5a-a6cb-13bc190d3fe9
4d82f1f3-3bfd-4b4f-b906-501050b7b42c,921ad1fd-638a-4aac-b73e-f27aacbc43ce
4d82f1f3-3bfd-4b4f-b906-501050b7b42c,4d6908b9-ba8e-43e1-a8c1-934396ebe6a2
4d82f1f3-3bfd-4b4f-b906-501050b7b42c,74865088-44cf-4e02-ba25-3a287add7970
4c04ec87-4051-4ede-a971-ff8badc270f6,950ebbcc-5a10-4ece-919f-f1beb600add2
4c04ec87-4051-4ede-a971-ff8badc270f6,4be18a27-833b-4475-944f-6314d0445bcf
9f77d6e9-c0a5-4560-94ba-9451dc779f58,732bf641-f72c-4d44-a68d-45d949d8b948
9f77d6e9-c0a5-4560-94ba-9451dc779f58,1e24f8ee-a993-4388-b210-ed5fc39ba659
9f77d6e9-c0a5-4560-94ba-9451dc779f58,550e656b-4243-4bc9-8967-a34285c02d1a
9f77d6e9-c0a5-4560-94ba-9451dc779f58,811cf3d3-78b1-4b95-9d62-bb9fe1d09121
9f77d6e9-c0a5-4560-94ba-9451dc779f58,4c8ae1c0-c775-4fe2-94cb-750ab52f8fa3
9f77d6e9-c0a5-4560-94ba-9451dc779f58,49a2cfa5-d105-4ad3-95a1-eae83947fd09
9f77d6e9-c0a5-4560-94ba-9451dc779f58,95253343-495f-41fe-baea-2c1c0140bde5
9f77d6e9-c0a5-4560-94ba-9451dc779f58,efee71b3-0de1-43c3-b84a-9dfedcf5b762
9dbabc2a-7042-4d3a-8f8b-33910a8adc04,92e7cd4b-9ce2-44ac-b474-27f7c667d2cb
9dbabc2a-7042-4d3a-8f8b-33910a8adc04,d7b3e75c-6a1a-43ce-9fb5-bb8ce60a81a5
9dbabc2a-7042-4d3a-8f8b-33910a8adc04,020cfc1e-0219-4c9a-b02b-c1b19edee59e
9dbabc2a-7042-4d3a-8f8b-33910a8adc04,a14fa638-8ca8-48a2-9095-5dd72acd303b
9dbabc2a-7042-4d3a-8f8b-33910a8adc04,471162bd-173d-497a-a70a-d0e4630a3539
9dbabc2a-7042-4d3a-8f8b-33910a8adc04,60b47588-bfa8-4a49-99f9-86bf25518943
9dbabc2a-7042-4d3a-8f8b-33910a8adc04,990ea6a6-cc9f-41e6-b003-8689f0b342cd
9dbabc2a-7042-4d3a-8f8b-33910a8adc04,fc3c743e-fbe0-4b6f-9ee4-edc07372793a
9dbabc2a-7042-4d3a-8f8b-33910a8adc04,cf5e4f51-9e73-4b23-8846-df69d702f8e4
9dbabc2a-7042-4d3a-8f8b-33910a8adc04,a7f51b86-ba94-4cdb-bb5a-b02f43528b47
9dbabc2a-7042-4d3a-8f8b-33910a8adc04,8b770850-4b55-41fd-8317-6b29e5b3fa6a
9dbabc2a-7042-4d3a-8f8b-33910a8adc04,83364856-9986-4439-a98b-109375865923
9dbabc2a-7042-4d3a-8f8b-33910a8adc04,29a28d11-211e-40de-98e2-0335ef8985ca
92a3a94c-c825-4662-97bc-2b9d802618ea,23a31dba-bcc9-448a-abe6-4b7352357527
92a3a94c-c825-4662-97bc-2b9d802618ea,a0c1cec3-631b-4fc3-9d53-d562c8dfe0f6
92a3a94c-c825-4662-97bc-2b9d802618ea,abe568dd-605c-419f-8b00-3fbdfa39be6e
92a3a94c-c825-4662-97bc-2b9d802618ea,3301c9cf-4a59-43fd-9db3-1d036f4d5a32
92a3a94c-c825-4662-97bc-2b9d802618ea,02a71277-e850-4e9a-a31c-d61523d1e5c4
92a3a94c-c825-4662-97bc-2b9d802618ea,018590c2-e7a5-4026-978c-92e9e5828ffd
92a3a94c-c825-4662-97bc-2b9d802618ea,4e0d4761-958d-4391-8f08-a5892c7de576
92a3a94c-c825-4662-97bc-2b9d802618ea,8e6a3a8a-c985-4e94-b96a-11dc3ebf22ef
92a3a94c-c825-4662-97bc-2b9d802618ea,a5e7fcc2-f1f7-4386-a73b-2fbd9b6aa5fc
92a3a94c-c825-4662-97bc-2b9d802618ea,282a2112-69e0-4bd0-ab78-0f0f8f6d59cf
92a3a94c-c825-4662-97bc-2b9d802618ea,3993639c-82aa-442c-b94f-e8c8f80263e6
92a3a94c-c825-4662-97bc-2b9d802618ea,a27397f9-122b-4db0-904e-add816f3e978
92a3a94c-c825-4662-97bc-2b9d802618ea,e6be5f29-ecb7-4452-93c7-5a7e8029316f
92a3a94c-c825-4662-97bc-2b9d802618ea,b173b415-b463-4a0c-a083-08f6e2d442d7
18faa057-608d-4cc5-8448-e902b1978a84,5679a1f5-9128-4dc4-9ca5-447247d47922
18faa057-608d-4cc5-8448-e902b1978a84,fb79e060-db20-4b42-a8ea-74b8c3b2d025
3ae3c857-e3f4-449d-a16f-ca2ef5b1b7a2,e2973349-34e3-4399-a8c5-8bbff81eca78
aecbaf94-4098-45e4-a536-bbf29ab9de55,afe9ae19-f59a-4fbb-859f-40596a4d4a17
aecbaf94-4098-45e4-a536-bbf29ab9de55,162d4df5-ad7b-415a-ad30-3fb1bcd9ca8c
aecbaf94-4098-45e4-a536-bbf29ab9de55,6b32541b-ad05-46b1-853c-de8a6a210f2d
aecbaf94-4098-45e4-a536-bbf29ab9de55,9e13c780-44ec-46f6-8194-9e3bdf28094f
aecbaf94-4098-45e4-a536-bbf29ab9de55,e7750171-8895-4d47-a730-3819785ba135
aecbaf94-4098-45e4-a536-bbf29ab9de55,889d153b-5327-4994-829b-3c9e6d663a4d
cdf9f5a6-86d4-4aa9-b627-f07790f935c1,9ccd65d1-8327-42c8-b7c5-a34835af22b2
cdf9f5a6-86d4-4aa9-b627-f07790f935c1,d2d5d052-9bdc-4831-838b-2b7215d6dc52
cdf9f5a6-86d4-4aa9-b627-f07790f935c1,75fd5b8b-1107-440e-9b68-b3d47376503c
cdf9f5a6-86d4-4aa9-b627-f07790f935c1,fe230527-afc8-4790-9836-d655c593487f
cdf9f5a6-86d4-4aa9-b627-f07790f935c1,e1a0e8c5-8bfd-48ad-8e5a-b451f7799bad
cdf9f5a6-86d4-4aa9-b627-f07790f935c1,81af4099-5441-4f3a-9581-e0f3cbc83aaf
cdf9f5a6-86d4-4aa9-b627-f07790f935c1,b4fdb59b-b633-40e6-a970-f1451af7e848
cdf9f5a6-86d4-4aa9-b627-f07790f935c1,7445d80a-9dcc-4fb9-b121-25ea8a2a39d5
cdf9f5a6-86d4-4aa9-b627-f07790f935c1,3b5ca7c9-20d5-46c7-954e-8de335e1b592
cdf9f5a6-86d4-4aa9-b627-f07790f935c1,b8a97a71-d16d-4aa5-ad53-9c2dbc292346
cdf9f5a6-86d4-4aa9-b627-f07790f935c1,88b35a1e-6d89-4cba-808a-3982512880f6
cdf9f5a6-86d4-4aa9-b627-f07790f935c1,a4b8c1ef-bd87-463b-a6a5-10faadbec283
cdf9f5a6-86d4-4aa9-b627-f07790f935c1,61dcfef2-7d02-4ef0-b490-550df7b09123
cdf9f5a6-86d4-4aa9-b627-f07790f935c1,57e10cc0-9c3a-4793-87e8-7fd6a9baea38
cdf9f5a6-86d4-4aa9-b627-f07790f935c1,e5ccae92-4344-4d08-a3e7-75fbd93d60bb
cdf9f5a6-86d4-4aa9-b627-f07790f935c1,721a6459-166e-48e9-85bc-dd9d57d02d52
cdf9f5a6-86d4-4aa9-b627-f07790f935c1,2ceeedec-0045-45a9-921d-eea5fe4336c1
22cbd24b-36a5-4187-8879-ab183e8b67c3,8dbdb883-dc16-4780-a6c3-c74728f6807e
22cbd24b-36a5-4187-8879-ab183e8b67c3,6e8fcc1d-b19b-4ee3-be16-08cb6fb70b75
115736de-5b8c-4d29-ad2e-8898f9a19e77,d211f659-a20d-464c-9ab4-24bd5d12bc2f
115736de-5b8c-4d29-ad2e-8898f9a19e77,7fd3f908-8982-4110-aaa6-081fdc6c99f0
115736de-5b8c-4d29-ad2e-8898f9a19e77,e2973349-34e3-4399-a8c5-8bbff81eca78
a3b32cef-4240-4466-b3d1-3da4b4b67746,541d5945-9459-40ce-a1c1-ae63ab622bfa
a3b32cef-4240-4466-b3d1-3da4b4b67746,a2e230cf-080e-4904-a7fc-820f89a5b358
e7f0f9c0-f733-47d2-aa61-09c7d53ae85a,467a45c0-0c66-4182-aa1f-8ac89dc0bac7
cacb1264-bab7-49b9-bf36-2605f6094b98,6e21f067-f015-40d2-a6d4-8147b7e1ac1d
32e83e51-c4c7-4917-8d65-0d00c6972e53,180ebd22-1e79-4424-acf3-328061ef9116
32e83e51-c4c7-4917-8d65-0d00c6972e53,ea147b40-3cbb-419e-badd-a7977ef9cf4c
32e83e51-c4c7-4917-8d65-0d00c6972e53,0ea7b1a0-5d92-4174-a431-d87cfadd9227
3f6e4891-97df-4f1b-afd5-238e63e4c6d3,19834b9c-af5e-46ba-b60e-a95c61f3849a
3f6e4891-97df-4f1b-afd5-238e63e4c6d3,b1c4ca86-1082-449f-aeec-78a7a3b05bba
3f6e4891-97df-4f1b-afd5-238e63e4c6d3,45ec16e4-d697-407b-9f94-1aae53f87b27
3f6e4891-97df-4f1b-afd5-238e63e4c6d3,9330fc82-5f83-46ed-ad19-023513c6579b
3f6e4891-97df-4f1b-afd5-238e63e4c6d3,ef64fd73-16dc-4dc1-a3ed-b7c2089bf503
3f6e4891-97df-4f1b-afd5-238e63e4c6d3,192a7e77-f4ba-4bce-a7f4-3f89c222d9de
3f6e4891-97df-4f1b-afd5-238e63e4c6d3,9e3c8d38-fe0a-4040-9d4f-0d4d6f9b327a
3f6e4891-97df-4f1b-afd5-238e63e4c6d3,6712d2ad-f59f-4a99-99f4-9c623ca21221
074b9716-bceb-4e07-90dd-a3c3eaf359ba,08e8d6dc-0956-4093-956d-58374f797f69
074b9716-bceb-4e07-90dd-a3c3eaf359ba,47d245ed-0f89-4543-a0f8-9bbd972bfd91
7492316d-f1c5-4c5a-88a7-480e15dec0a2,f53e83b1-ffbc-4bce-a76b-0fddc4596c09
86579405-e35b-4553-9420-f491c6062b6e,8f3b3a70-da98-4320-b0bf-4fa6c8d51e82
0ae11a14-eed2-4bb8-a3e2-657776e7772c,260b6d80-ff60-11de-a523-000ea68e967b
0ae11a14-eed2-4bb8-a3e2-657776e7772c,fc272fe0-dd7d-11dd-a259-000ea68e967b
0ae11a14-eed2-4bb8-a3e2-657776e7772c,631c1560-e4d7-11de-a523-000ea68e967b
0ae11a14-eed2-4bb8-a3e2-657776e7772c,b37e2f10-939e-11dd-8006-000ea68e967b
0ae11a14-eed2-4bb8-a3e2-657776e7772c,3c00fdf0-1d63-11df-b794-000ea68e967b
0ae11a14-eed2-4bb8-a3e2-657776e7772c,616461a0-ff62-11de-a523-000ea68e967b
0ae11a14-eed2-4bb8-a3e2-657776e7772c,2eb65fd0-8bad-11dd-8006-000ea68e967b
0ae11a14-eed2-4bb8-a3e2-657776e7772c,41b38c80-cdba-11dd-a259-000ea68e967b
0ae11a14-eed2-4bb8-a3e2-657776e7772c,13ff8a00-f763-11dd-9b71-000ea68e967b
0ae11a14-eed2-4bb8-a3e2-657776e7772c,b5e5ec10-8ba2-11dd-8006-000ea68e967b
0ae11a14-eed2-4bb8-a3e2-657776e7772c,2ce0c970-5cc7-11de-8664-000ea68e967b
0ae11a14-eed2-4bb8-a3e2-657776e7772c,c9f478f0-e4d6-11de-a523-000ea68e967b
0ae11a14-eed2-4bb8-a3e2-657776e7772c,0c326cb0-1e37-11df-b794-000ea68e967b
0ae11a14-eed2-4bb8-a3e2-657776e7772c,0cbc6785-2152-4618-a0c0-8cba2d0f56b9
445b877c-2def-4421-9ffd-1d072bdb81d2,5fa42f40-f10c-11dd-8987-000ea68e967b
e4d8b5ee-d587-4cb3-9bb7-048fa82923f3,43605bb0-e3bf-11dd-a259-000ea68e967b
e4d8b5ee-d587-4cb3-9bb7-048fa82923f3,ec7f73d0-e3be-11dd-a259-000ea68e967b
e4d8b5ee-d587-4cb3-9bb7-048fa82923f3,4e612510-1e3a-11df-b794-000ea68e967b
e479a7db-8568-4a13-94d9-2f35abbdf2cb,7b45a738-4fe5-424b-8c17-51e271483c70
4b5236c0-5bd1-4b99-b81a-23ae945ec5ce,20bdc110-336e-11df-b794-000ea68e967b
f106c784-f371-4ef8-8299-babd4c010f18,4a3597b0-e7c6-11dd-a259-000ea68e967b
061dd7d9-61b9-4f58-a036-47cb615f81bc,f48d14a6-4f0b-4ef6-85f9-64b989c0ebb1
ac16388c-b812-4435-9f7d-8e07f2179828,1df8e96f-d1ce-4ce7-a315-e68e714fe881
634defb0-a220-4b9c-a78f-cc184037466a,0a01b03a-2c14-41b2-87ca-7e871d7dcfc5
d6b098cb-fc16-42da-8c7b-90e51971343e,3178c4f5-06c6-49f9-818a-8fbfa990b372
d6b098cb-fc16-42da-8c7b-90e51971343e,2a8ab611-1037-43be-a192-dfc08245d1b7
ad7197b5-c8d8-48a1-abbc-457f167eab24,a6844348-3cec-4fe0-a055-3489c63221de
b7b111ff-8b8b-433a-b476-c8ddc9ef874a,988c235f-f7e6-4815-8928-ab6363f9c2e9
61c7d172-89a8-4925-9dad-3fa983375a00,0fc2d493-a9ea-43e0-b5ad-6fa4321ebf47
61c7d172-89a8-4925-9dad-3fa983375a00,21f6bc4e-c9bd-4b40-aecd-dd47906f22bf
61c7d172-89a8-4925-9dad-3fa983375a00,84f08f74-63a6-441d-960d-ac96b40f1d09
bd6a8c04-9308-487b-8323-4b72896ec674,854aae6c-4e47-44c2-84c3-bdd346dc4529
bd6a8c04-9308-487b-8323-4b72896ec674,4ed30702-d826-4b29-ad39-eefbb0fd8642
bd6a8c04-9308-487b-8323-4b72896ec674,f2bb9eb4-9e3b-4dbf-931d-82169f6adf4a
bd6a8c04-9308-487b-8323-4b72896ec674,93bf5452-f9f1-4608-8eb5-d5e597c2ec6c
bd6a8c04-9308-487b-8323-4b72896ec674,7153195b-dfe7-4759-8dda-eb706add78b9
bd6a8c04-9308-487b-8323-4b72896ec674,922cbe5c-7eb5-4084-a68d-e5fc88d54daa
b9094b7e-3942-470e-b7c5-618fca805337,4ed30702-d826-4b29-ad39-eefbb0fd8642
b9094b7e-3942-470e-b7c5-618fca805337,f2bb9eb4-9e3b-4dbf-931d-82169f6adf4a
b9094b7e-3942-470e-b7c5-618fca805337,922cbe5c-7eb5-4084-a68d-e5fc88d54daa
b9094b7e-3942-470e-b7c5-618fca805337,81c69c6a-32ab-468d-9ff1-ba6a5dad1ad3
64545b54-0218-4ab4-9ea0-2a5787306f42,0c872c90-15f4-44f5-bc93-8b7c58d7bd32
64545b54-0218-4ab4-9ea0-2a5787306f42,9d350d1c-aa91-42ac-9e0a-4b2aa56eb460
64545b54-0218-4ab4-9ea0-2a5787306f42,5d1eba8c-5395-42b4-a3b6-0952752f994f
64545b54-0218-4ab4-9ea0-2a5787306f42,67b0453a-ddd7-44cd-99c0-dbccc7abc1aa
